-- phpMyAdmin SQL Dump
-- version 4.5.1
-- http://www.phpmyadmin.net
--
-- Host: 127.0.0.1
-- Generation Time: 02 Des 2017 pada 06.32
-- Versi Server: 10.1.10-MariaDB
-- PHP Version: 7.0.4

SET SQL_MODE = "NO_AUTO_VALUE_ON_ZERO";
SET time_zone = "+00:00";


/*!40101 SET @OLD_CHARACTER_SET_CLIENT=@@CHARACTER_SET_CLIENT */;
/*!40101 SET @OLD_CHARACTER_SET_RESULTS=@@CHARACTER_SET_RESULTS */;
/*!40101 SET @OLD_COLLATION_CONNECTION=@@COLLATION_CONNECTION */;
/*!40101 SET NAMES utf8mb4 */;

--
-- Database: `dondarmy2`
--

-- --------------------------------------------------------

--
-- Struktur dari tabel `detail_kegiatans`
--

CREATE TABLE `detail_kegiatans` (
  `id` int(10) UNSIGNED NOT NULL,
  `donor_id` int(10) UNSIGNED NOT NULL,
  `kegiatan_id` int(10) UNSIGNED NOT NULL,
  `antrian` int(11) NOT NULL,
  `panggil` enum('Sudah','Belum') COLLATE utf8_unicode_ci NOT NULL,
  `terima` enum('Terima','Tidak') COLLATE utf8_unicode_ci NOT NULL
) ENGINE=InnoDB DEFAULT CHARSET=utf8 COLLATE=utf8_unicode_ci;

--
-- Dumping data untuk tabel `detail_kegiatans`
--

INSERT INTO `detail_kegiatans` (`id`, `donor_id`, `kegiatan_id`, `antrian`, `panggil`, `terima`) VALUES
(1, 1, 2, 1, 'Sudah', 'Terima'),
(2, 1, 2, 2, 'Belum', 'Tidak'),
(3, 94, 2, 3, 'Sudah', 'Terima'),
(4, 1, 2, 4, 'Belum', 'Terima'),
(6, 1014, 2, 6, 'Belum', 'Tidak'),
(7, 119, 2, 7, 'Belum', 'Tidak'),
(8, 211, 1, 1, 'Sudah', 'Terima'),
(9, 1015, 1, 2, 'Sudah', 'Terima'),
(10, 136, 1, 3, 'Sudah', 'Terima'),
(11, 1016, 1, 4, 'Sudah', 'Tidak'),
(12, 904, 1, 5, 'Sudah', 'Terima'),
(13, 257, 1, 6, 'Sudah', 'Tidak'),
(14, 380, 1, 7, 'Sudah', 'Terima'),
(15, 1017, 1, 8, 'Sudah', 'Terima'),
(16, 929, 1, 9, 'Sudah', 'Terima'),
(17, 168, 1, 10, 'Sudah', 'Terima'),
(18, 493, 1, 11, 'Sudah', 'Terima'),
(19, 1018, 1, 12, 'Sudah', 'Terima'),
(20, 175, 1, 13, 'Sudah', 'Terima'),
(21, 1, 2, 8, 'Belum', 'Tidak'),
(22, 15, 2, 9, 'Belum', 'Tidak'),
(23, 14, 2, 10, 'Belum', 'Tidak'),
(24, 156, 2, 11, 'Belum', 'Tidak'),
(25, 1019, 1, 14, 'Sudah', 'Terima'),
(26, 477, 2, 12, 'Belum', 'Tidak'),
(27, 99, 1, 15, 'Sudah', 'Tidak'),
(28, 401, 1, 16, 'Sudah', 'Terima'),
(29, 405, 2, 13, 'Belum', 'Tidak'),
(30, 87, 2, 14, 'Belum', 'Tidak'),
(31, 1020, 1, 17, 'Belum', 'Tidak'),
(32, 530, 1, 18, 'Belum', 'Terima'),
(33, 1021, 1, 19, 'Sudah', 'Tidak'),
(34, 1022, 2, 15, 'Belum', 'Tidak'),
(35, 931, 1, 20, 'Belum', 'Tidak'),
(36, 931, 1, 21, 'Belum', 'Tidak'),
(37, 897, 2, 16, 'Belum', 'Tidak'),
(38, 13, 2, 17, 'Belum', 'Tidak'),
(39, 14, 2, 18, 'Belum', 'Tidak'),
(40, 20, 2, 19, 'Belum', 'Tidak'),
(41, 1, 2, 20, 'Belum', 'Tidak'),
(42, 39, 2, 21, 'Belum', 'Tidak'),
(43, 12, 2, 22, 'Belum', 'Tidak'),
(44, 25, 2, 23, 'Belum', 'Tidak'),
(45, 25, 2, 24, 'Belum', 'Tidak'),
(46, 26, 2, 25, 'Belum', 'Tidak'),
(47, 15, 2, 26, 'Belum', 'Tidak'),
(48, 13, 2, 27, 'Belum', 'Tidak'),
(49, 12, 2, 28, 'Belum', 'Tidak'),
(50, 14, 2, 29, 'Belum', 'Tidak'),
(51, 15, 2, 30, 'Belum', 'Tidak'),
(52, 16, 2, 31, 'Belum', 'Tidak'),
(53, 26, 2, 32, 'Belum', 'Terima'),
(55, 72, 2, 34, 'Sudah', 'Tidak'),
(56, 1021, 2, 35, 'Belum', 'Tidak'),
(58, 591, 2, 37, 'Belum', 'Tidak'),
(59, 1007, 2, 38, 'Belum', 'Tidak'),
(62, 838, 2, 41, 'Belum', 'Tidak'),
(65, 1015, 3, 1, 'Sudah', 'Tidak'),
(66, 295, 3, 2, 'Sudah', 'Tidak'),
(67, 1007, 2, 44, 'Belum', 'Tidak'),
(68, 189, 2, 45, 'Belum', 'Tidak'),
(69, 591, 2, 46, 'Belum', 'Tidak'),
(70, 31, 3, 3, 'Sudah', 'Terima'),
(71, 164, 2, 47, 'Belum', 'Tidak'),
(72, 159, 2, 48, 'Belum', 'Tidak'),
(73, 159, 3, 4, 'Sudah', 'Terima'),
(74, 164, 3, 5, 'Sudah', 'Tidak'),
(75, 790, 3, 6, 'Sudah', 'Tidak'),
(76, 214, 3, 7, 'Sudah', 'Tidak'),
(77, 904, 3, 8, 'Sudah', 'Terima'),
(78, 778, 3, 9, 'Sudah', 'Terima'),
(79, 499, 3, 10, 'Sudah', 'Tidak'),
(80, 211, 3, 11, 'Sudah', 'Terima'),
(81, 381, 3, 12, 'Sudah', 'Tidak'),
(82, 72, 2, 49, 'Belum', 'Tidak'),
(83, 1027, 3, 13, 'Sudah', 'Tidak'),
(84, 37, 2, 50, 'Belum', 'Tidak'),
(85, 170, 2, 51, 'Belum', 'Tidak'),
(86, 170, 3, 14, 'Sudah', 'Tidak'),
(87, 253, 3, 15, 'Sudah', 'Terima'),
(88, 43, 3, 16, 'Sudah', 'Terima'),
(89, 940, 3, 17, 'Sudah', 'Tidak'),
(90, 882, 3, 18, 'Sudah', 'Tidak'),
(91, 72, 2, 52, 'Belum', 'Tidak'),
(92, 1028, 3, 19, 'Sudah', 'Terima'),
(93, 162, 3, 20, 'Sudah', 'Tidak'),
(94, 173, 3, 21, 'Sudah', 'Terima'),
(95, 37, 3, 22, 'Sudah', 'Terima'),
(96, 882, 2, 53, 'Belum', 'Tidak'),
(97, 401, 3, 23, 'Sudah', 'Tidak'),
(98, 292, 3, 24, 'Sudah', 'Tidak'),
(99, 61, 3, 25, 'Sudah', 'Tidak'),
(100, 175, 3, 26, 'Sudah', 'Terima'),
(101, 190, 3, 27, 'Sudah', 'Terima'),
(102, 99, 3, 28, 'Sudah', 'Tidak'),
(103, 474, 2, 54, 'Belum', 'Tidak'),
(104, 47, 3, 29, 'Sudah', 'Tidak'),
(105, 163, 3, 30, 'Sudah', 'Terima'),
(106, 89, 3, 31, 'Sudah', 'Terima'),
(107, 874, 3, 32, 'Sudah', 'Tidak'),
(108, 879, 3, 33, 'Sudah', 'Terima'),
(109, 620, 3, 34, 'Sudah', 'Tidak'),
(110, 930, 2, 55, 'Belum', 'Tidak'),
(111, 322, 2, 56, 'Belum', 'Tidak'),
(112, 1029, 3, 35, 'Sudah', 'Terima'),
(113, 1030, 3, 36, 'Sudah', 'Terima'),
(114, 188, 3, 37, 'Sudah', 'Tidak'),
(115, 371, 3, 38, 'Sudah', 'Terima'),
(116, 274, 3, 39, 'Sudah', 'Terima'),
(117, 322, 3, 40, 'Sudah', 'Terima'),
(118, 1031, 3, 41, 'Belum', 'Tidak'),
(119, 962, 3, 42, 'Sudah', 'Terima'),
(120, 87, 3, 43, 'Sudah', 'Tidak'),
(121, 187, 3, 44, 'Sudah', 'Tidak'),
(122, 203, 3, 45, 'Sudah', 'Terima'),
(123, 193, 3, 46, 'Sudah', 'Tidak'),
(124, 595, 3, 47, 'Sudah', 'Tidak'),
(125, 1032, 3, 48, 'Sudah', 'Terima'),
(126, 952, 3, 49, 'Sudah', 'Terima'),
(127, 285, 3, 50, 'Sudah', 'Tidak'),
(128, 84, 3, 51, 'Sudah', 'Terima'),
(129, 79, 3, 52, 'Sudah', 'Tidak'),
(130, 51, 3, 53, 'Sudah', 'Tidak'),
(131, 602, 3, 54, 'Sudah', 'Terima'),
(132, 1033, 3, 55, 'Sudah', 'Terima'),
(133, 171, 3, 56, 'Sudah', 'Tidak'),
(134, 1029, 3, 57, 'Belum', 'Tidak'),
(135, 591, 2, 57, 'Belum', 'Tidak'),
(136, 424, 3, 58, 'Sudah', 'Terima'),
(137, 941, 3, 59, 'Belum', 'Tidak'),
(138, 350, 3, 60, 'Sudah', 'Tidak'),
(139, 1035, 3, 61, 'Sudah', 'Terima'),
(140, 1036, 3, 62, 'Sudah', 'Terima'),
(141, 59, 3, 63, 'Sudah', 'Terima'),
(142, 1037, 3, 64, 'Sudah', 'Terima'),
(143, 602, 2, 58, 'Belum', 'Tidak'),
(144, 297, 3, 65, 'Sudah', 'Tidak'),
(145, 799, 3, 66, 'Sudah', 'Terima'),
(146, 136, 3, 67, 'Sudah', 'Terima'),
(147, 1042, 3, 68, 'Sudah', 'Terima'),
(148, 905, 3, 69, 'Sudah', 'Tidak'),
(149, 310, 3, 70, 'Sudah', 'Tidak'),
(150, 878, 3, 71, 'Sudah', 'Terima'),
(151, 405, 3, 72, 'Sudah', 'Terima'),
(152, 693, 3, 73, 'Sudah', 'Tidak'),
(153, 871, 3, 74, 'Sudah', 'Terima'),
(154, 117, 3, 75, 'Sudah', 'Tidak'),
(155, 375, 3, 76, 'Sudah', 'Terima'),
(156, 1043, 3, 77, 'Sudah', 'Terima'),
(157, 230, 3, 78, 'Sudah', 'Terima'),
(158, 67, 3, 79, 'Sudah', 'Tidak'),
(159, 1044, 3, 80, 'Sudah', 'Terima'),
(160, 1045, 3, 81, 'Sudah', 'Tidak'),
(161, 116, 3, 82, 'Sudah', 'Tidak'),
(162, 1046, 3, 83, 'Sudah', 'Terima'),
(163, 403, 3, 84, 'Sudah', 'Terima'),
(164, 1047, 3, 85, 'Sudah', 'Terima'),
(165, 1048, 3, 86, 'Sudah', 'Tidak'),
(166, 777, 3, 87, 'Sudah', 'Terima'),
(167, 1049, 3, 88, 'Sudah', 'Terima'),
(168, 238, 3, 89, 'Sudah', 'Terima'),
(169, 1050, 3, 90, 'Sudah', 'Tidak'),
(170, 1051, 3, 91, 'Sudah', 'Tidak'),
(171, 1051, 2, 59, 'Belum', 'Tidak'),
(172, 944, 2, 60, 'Belum', 'Tidak'),
(173, 138, 2, 61, 'Belum', 'Tidak'),
(174, 138, 3, 92, 'Sudah', 'Terima'),
(175, 1052, 3, 93, 'Sudah', 'Terima'),
(176, 1053, 3, 94, 'Sudah', 'Tidak'),
(177, 1054, 3, 95, 'Sudah', 'Tidak'),
(178, 1055, 3, 96, 'Sudah', 'Tidak'),
(179, 251, 3, 97, 'Belum', 'Tidak'),
(180, 1019, 3, 98, 'Sudah', 'Terima'),
(181, 944, 3, 99, 'Sudah', 'Terima'),
(182, 893, 2, 62, 'Belum', 'Tidak'),
(183, 1056, 2, 63, 'Belum', 'Tidak'),
(184, 581, 2, 64, 'Belum', 'Tidak'),
(185, 37, 2, 65, 'Belum', 'Tidak'),
(186, 591, 2, 66, 'Belum', 'Tidak'),
(187, 591, 2, 67, 'Belum', 'Tidak'),
(188, 322, 4, 1, 'Sudah', 'Terima'),
(189, 31, 4, 2, 'Sudah', 'Terima'),
(190, 790, 4, 3, 'Sudah', 'Tidak'),
(191, 414, 4, 4, 'Sudah', 'Terima'),
(192, 37, 4, 5, 'Sudah', 'Terima'),
(193, 1060, 2, 68, 'Belum', 'Tidak'),
(194, 136, 4, 6, 'Sudah', 'Terima'),
(195, 44, 2, 69, 'Belum', 'Tidak'),
(196, 170, 2, 70, 'Belum', 'Tidak'),
(197, 1060, 4, 7, 'Sudah', 'Terima'),
(198, 1020, 2, 71, 'Belum', 'Tidak'),
(199, 165, 4, 8, 'Sudah', 'Tidak'),
(200, 190, 2, 72, 'Belum', 'Tidak'),
(201, 165, 2, 73, 'Belum', 'Tidak'),
(202, 591, 2, 74, 'Belum', 'Tidak'),
(203, 553, 2, 75, 'Belum', 'Tidak'),
(204, 283, 4, 9, 'Sudah', 'Tidak'),
(205, 173, 4, 10, 'Sudah', 'Tidak'),
(206, 170, 4, 11, 'Sudah', 'Terima'),
(207, 1020, 4, 12, 'Sudah', 'Terima'),
(208, 44, 4, 13, 'Sudah', 'Terima'),
(209, 401, 4, 14, 'Sudah', 'Tidak'),
(210, 190, 4, 15, 'Sudah', 'Terima'),
(211, 175, 4, 16, 'Sudah', 'Tidak'),
(212, 50, 4, 17, 'Sudah', 'Tidak'),
(213, 171, 4, 18, 'Sudah', 'Tidak'),
(214, 561, 4, 19, 'Sudah', 'Tidak'),
(215, 89, 4, 20, 'Sudah', 'Tidak'),
(216, 89, 4, 21, 'Sudah', 'Tidak'),
(217, 371, 4, 22, 'Sudah', 'Tidak'),
(218, 325, 4, 23, 'Sudah', 'Tidak'),
(219, 1061, 4, 24, 'Belum', 'Tidak'),
(220, 192, 4, 25, 'Belum', 'Tidak'),
(221, 312, 4, 26, 'Belum', 'Tidak'),
(222, 674, 4, 27, 'Belum', 'Tidak'),
(223, 666, 2, 76, 'Belum', 'Tidak'),
(224, 253, 2, 77, 'Belum', 'Tidak'),
(225, 591, 2, 78, 'Belum', 'Tidak'),
(226, 666, 2, 79, 'Belum', 'Tidak'),
(227, 1, 2, 80, 'Belum', 'Tidak'),
(228, 1, 2, 81, 'Belum', 'Tidak');

-- --------------------------------------------------------

--
-- Struktur dari tabel `donors`
--

CREATE TABLE `donors` (
  `id` int(10) UNSIGNED NOT NULL,
  `no_register` varchar(13) COLLATE utf8_unicode_ci NOT NULL,
  `nama` varchar(255) COLLATE utf8_unicode_ci NOT NULL,
  `gol_darah_id` int(10) UNSIGNED DEFAULT NULL,
  `kelamin` enum('Pria','Wanita') COLLATE utf8_unicode_ci NOT NULL,
  `tempat_lahir` varchar(50) COLLATE utf8_unicode_ci DEFAULT NULL,
  `tgl_lahir` date NOT NULL,
  `telp` varchar(13) COLLATE utf8_unicode_ci NOT NULL,
  `alamat` varchar(255) COLLATE utf8_unicode_ci DEFAULT NULL,
  `rt` varchar(3) COLLATE utf8_unicode_ci DEFAULT NULL,
  `rw` varchar(3) COLLATE utf8_unicode_ci DEFAULT NULL,
  `kelurahan` varchar(30) COLLATE utf8_unicode_ci DEFAULT NULL,
  `kecamatan` varchar(30) COLLATE utf8_unicode_ci DEFAULT NULL,
  `kode_pos` varchar(5) COLLATE utf8_unicode_ci DEFAULT NULL,
  `pekerjaan_id` int(10) UNSIGNED DEFAULT NULL,
  `penghargaan` enum('10','25','50','75','100') COLLATE utf8_unicode_ci DEFAULT NULL,
  `total_donor` int(11) DEFAULT NULL,
  `donor_terakhir` date DEFAULT NULL
) ENGINE=InnoDB DEFAULT CHARSET=utf8 COLLATE=utf8_unicode_ci;

--
-- Dumping data untuk tabel `donors`
--

INSERT INTO `donors` (`id`, `no_register`, `nama`, `gol_darah_id`, `kelamin`, `tempat_lahir`, `tgl_lahir`, `telp`, `alamat`, `rt`, `rw`, `kelurahan`, `kecamatan`, `kode_pos`, `pekerjaan_id`, `penghargaan`, `total_donor`, `donor_terakhir`) VALUES
(1, '3274031505950', 'Gradiyanto Putera Husein', 2, 'Pria', 'Cirebon', '1995-05-15', '08886263895', 'Jl. Angkasa no 26', '001', '010', 'Harjamukti', 'Harjamukti', '45143', NULL, NULL, NULL, NULL),
(12, '0010010000589', 'Julius B Dewanto', 1, 'Pria', '', '1953-07-07', '-', 'Istaba Regency', '', '', '', '', '', NULL, NULL, NULL, NULL),
(13, '0010010014326', 'RISMAN HILMI', 1, 'Pria', '', '1981-05-25', '-', 'JL.IR.H. JUANDA NO.428', '', '', '', '', '', NULL, NULL, NULL, NULL),
(14, '0010010045127', 'Iwan Setiawan', 1, 'Pria', '', '1969-02-26', '-', 'Jl. Mekar 13 No 308', '', '', '', '', '', NULL, NULL, NULL, NULL),
(15, '0010010040156', 'Unggul Saputra', 1, 'Pria', '', '1965-09-26', '-', 'Jl. Gatsu 308', '', '', '', '', '', NULL, NULL, NULL, NULL),
(16, '0010010109681', 'Yati Nurhayati', 1, 'Wanita', '', '1990-06-19', '08562024737', 'Taman Mekar Agung', '', '', '', '', '', NULL, NULL, NULL, NULL),
(17, '0010870000008', 'Dyah Suharjo, Ny', 1, 'Wanita', '', '1963-08-27', '7215525', 'Jl. Atletik Xii/10 Arcamanik', '', '', '', '', '', NULL, NULL, NULL, NULL),
(18, '0010870000009', 'Julius', 1, 'Pria', '', '1982-10-10', '-', '', '', '', '', '', '', NULL, NULL, NULL, NULL),
(19, '0010870000011', 'Andri Oktavianto', 1, 'Pria', '', '2015-12-20', '-', 'Perum Kopo Permai C-29', '', '', '', '', '', NULL, NULL, NULL, NULL),
(20, '0010870000013', 'Denny', 1, 'Pria', '', '1984-09-09', '-', 'Gereja Maulana Yusuf', '', '', '', '', '', NULL, NULL, NULL, NULL),
(25, '0010870000015', 'Alvin Komala', 1, 'Pria', '', '1985-08-13', '-', 'Jl. Banda No.33', '', '', '', '', '', NULL, NULL, NULL, NULL),
(26, '0010870000021', 'Herman ', 1, 'Pria', '', '1965-09-13', '-', 'Jl. Aero Modeling H2 No.4', '', '', '', '', '', NULL, NULL, NULL, NULL),
(27, '0010870000040', 'Clara', 1, 'Pria', '', '1982-10-10', '-', '', '', '', '', '', '', NULL, NULL, NULL, NULL),
(30, '0010870000041', 'Ryan Palembangan', 1, 'Pria', '', '1987-06-07', '-', '', '', '', '', '', '', NULL, NULL, NULL, NULL),
(31, '3273141409710', 'Saut Parulian Pandjaitan', 1, 'Pria', 'Bandung', '1971-09-14', '08112282301', 'Jl. Cikaso Barat Ii N0.57', '03', '04', 'Sukamaju', 'Cibeunying', '', NULL, NULL, NULL, NULL),
(33, '3273220407750', 'Rudi Antoni Sitorus', 10, 'Pria', 'Sidikalang', '1975-07-04', '081322932297', 'Tmn. Persada Asri II Blok 4 No. 4', '002', '012', 'Margasari', 'Buah Batu', '', NULL, NULL, NULL, NULL),
(35, '3273196711910', 'Vivi Sevita', 7, 'Wanita', 'Indramayu', '1991-11-27', '085722649764', 'Bumi Parakan Asri B-19', '', '', '', '', '', NULL, NULL, NULL, NULL),
(36, '3273024503700', 'Hj.lidya Soemali ', 1, 'Wanita', 'Bandung', '1970-03-05', '0811229283', 'Jl.ir.h.juanda No.335', '009', '005', 'Dago', 'Coblong ', '', NULL, NULL, NULL, NULL),
(37, '3273241207950', 'Trianggi Putra Siregar', 10, 'Pria', 'Makassar', '1995-07-12', '081221226851', 'Jl. Senam 1 No. 11', '003', '012', 'Sukamiskin', 'Arcamanik', '40293', NULL, NULL, NULL, NULL),
(39, '3204094703970', 'Ovelia Ayu Larasati', 2, 'Wanita', 'Bandung', '1997-03-07', '082216141878', 'Komp. Sukamenak Indah Blok N - 18', '005', '007', 'Sukamenak', 'Margahayu', '40227', NULL, NULL, NULL, NULL),
(40, '3273186806940', 'Yohana Mardiyani', 1, 'Wanita', 'Bandung', '1994-06-28', '081220268626', 'J. Sekemirung Kaler No. 3', '005', '009', 'Cigadung', 'Cibeunying Kaler', '', NULL, NULL, NULL, NULL),
(42, '3273010812820', 'Freddy Andri Romulus S.', 1, 'Pria', 'Bagan Siapi-api', '1982-12-08', '081328448025', 'Jl. Teladan No 33B', '007', '002', 'Gegerkalong', 'Sukasari', '40153', NULL, NULL, NULL, NULL),
(43, '3273146803800', 'Mesrianti Ruben ', 1, 'Pria', 'Seriti', '1980-03-28', '012222894228', 'Jl. Phh Mustopa Gg. Pelita I No 85', '001', '002', 'Sukapada', 'Cibeunying Kidul', '', NULL, NULL, NULL, NULL),
(44, '0000056835356', 'Dame Yusri', 4, 'Wanita', 'Bandung', '1970-07-18', '0222508095', 'Jl. Ir. H. Juanda 361/6', '003', '005', 'Dago', 'Coblong', '40135', NULL, NULL, NULL, NULL),
(45, '0010870000290', 'Dominggus Waas', 10, 'Pria', 'Jakarta ', '1974-03-12', '081320082544', 'Manglayang Regency H4/12', '002', '028', 'Cinunuk', 'Cileunyi', '', NULL, NULL, NULL, NULL),
(46, '3277032407740', 'Erwin Hendra', 7, 'Pria', 'Duri', '1974-07-24', '08122423994', 'Jl. borromeus I No. 14', '006', '008', 'Cibabat', 'Cimahi', '', NULL, NULL, NULL, NULL),
(47, '0010870000109', 'Claudia ', 1, 'Wanita', 'Bandung', '1980-04-14', '08156118379', 'Taman Kopo Indah Ii, 2a2 No. 72a', '002', '014', 'Rahayu', 'Margaasih', '', NULL, NULL, NULL, NULL),
(49, '3273176002790', 'Kiki M.', 1, 'Wanita', 'Cimahi', '1979-02-20', '087722297045', 'Jl. Karasak Blok Desa', '002', '009', 'Kebonlega', 'Bojongi Oa Kidul', '', NULL, NULL, NULL, NULL),
(50, '5371031701680', 'Godlief Fredrik Neonufa', 10, 'Pria', 'Oekamusa', '1968-01-17', '085339111888', 'Jl. Pluto I', '015', '006', 'Oespa Selatan', 'Kelapa Lima', '85000', NULL, NULL, NULL, NULL),
(51, '3273121309650', 'Herman Tanikurniawan', 1, 'Pria', 'Cirebon', '1965-09-13', '7100648', 'Jl.menes No.62', '008', '004', 'Kebonwaru', 'Batununggal', '', NULL, NULL, NULL, NULL),
(54, '3273185104740', 'Kristin wi Apriyanti', 5, 'Wanita', 'Kudus', '1974-04-11', '081224455076', 'Gg. Rukun No. 11', '006', '009', 'Cihaurgeulis', 'Cibeunying Kaler', '40122', NULL, NULL, NULL, NULL),
(55, '3273015808830', 'Agnes Rosalinda Theophilus', 10, 'Wanita', 'Balikpapan', '1983-08-18', '0811', 'Jl. Gegerkalongtonggoh I No.20', '002', '008', 'Gegerkalong', 'Sukasari', '', NULL, NULL, NULL, NULL),
(58, '3402166207870', 'Esther Dian Cahyaningtyas H.', 7, 'Wanita', 'Yogyakarta', '1987-07-22', 'a', 'Jl. Sejahtera 9A', '', '', '', 'Sukajadi', '', NULL, NULL, NULL, NULL),
(59, '3273272012759', 'Billy Parlagutan', 8, 'Pria', 'Jakarta Pusat ', '1975-12-20', '02288880745', 'Jl. Kiarasari Iv No.30', '', '', '', '', '', NULL, NULL, NULL, NULL),
(61, '3204060306790', 'Wiwieko Pramono', 4, 'Pria', 'Semarang', '1979-06-03', '08382800062', 'Jl. Palm Bridge Cluster Kav. 36', '001', '001', 'Cibeunying', 'Cimenyan', '', NULL, NULL, NULL, NULL),
(62, '3273300903670', 'Tumpal Sampur P. Sibuea', 10, 'Pria', 'Dumai', '1967-03-09', 'a', 'Jl. Mandala VI No 121', '004', '011', 'Jatihandap', 'MandalaJati', '', NULL, NULL, NULL, NULL),
(63, '3273062802790', 'Fabian Herawan Tirtha', 7, 'Pria', 'Mainz, Jerman', '1979-02-28', '0818217060', 'Jl. Karang Tengah Timur No 10', '004', '007', 'Arjuna', 'Cicendo', '', NULL, NULL, NULL, NULL),
(66, '5371030701870', 'Yohanis Ndapa Deda', 2, 'Pria', 'Wee Rame', '1987-01-07', '081224567787', 'Jl Sekeloa Selatan no 74', '005', '015', 'Lebak Gede', 'Coblong', '40132', NULL, NULL, NULL, NULL),
(67, '3223060807830', 'Yuli Ariyadi', 7, 'Pria', 'Temanggung', '1983-07-08', '08179554327', 'Jl.gesing ', '003', '004', 'Gesing', 'Kandangan', '', NULL, NULL, NULL, NULL),
(68, '3603282901950', 'Satria Priambada', 10, 'Pria', 'Batang', '1995-01-29', '087775050868', 'Taman Danau Biru No 1 Lippo', '005', '016', 'Kelapa Dua', 'Kelapa Dua', '', NULL, NULL, NULL, NULL),
(69, '3273144309750', 'Luciana Rusvita Lumban Toruan', 1, 'Wanita', 'Padangsidempuan', '1975-09-03', '081321388708', 'Komp. BPE', '', '', 'Jatiendah', 'Cilengkrang', '', NULL, NULL, NULL, NULL),
(70, '111', 'Mark Roland Mulia Ps', 8, 'Pria', 'Bandung', '1991-03-25', '081251178899', 'Jl. Subang Raya No. 41', '001', '005', 'Antapani', 'Antapani Tengah', '', NULL, NULL, NULL, NULL),
(71, '5371045005820', 'Meny Baok', 10, 'Wanita', 'Soe', '1982-05-10', 'a', 'Jl Bakti Surya', '029', '009', 'Fatululi', 'Oerobo', '85111', NULL, NULL, NULL, NULL),
(72, '11', 'Acme Maria ', 7, 'Wanita', 'Jakarta', '1973-03-04', '081384930484', 'Jl. Komp. Media Antapani Makmur', '001', '006', 'Cisaranten Endah', 'Arcamanik', '', NULL, NULL, NULL, NULL),
(73, '3173080707720', 'Amilo Yodyda', 1, 'Pria', 'Jakarta', '1972-07-07', '081319437421', 'Komp. Unilever B4/12A', '001', '009', 'Meruya Selatan', 'Kembangan', '', NULL, NULL, NULL, NULL),
(74, '1273046207950', 'Hanna Carolina Simangunsong', 10, 'Wanita', 'Sibolga', '1995-07-21', '085262491023', 'Jl Cihampelas Blok 276', '007', '002', 'Coblong', '', '', NULL, NULL, NULL, NULL),
(76, '3273036610820', 'Syndi Nurmawati', 10, 'Wanita', 'Bandung', '1982-10-26', 'a', 'Jl Pelangi No 11', '001', '005', 'Cirangrang', 'Babakan Ciparay', '40227', NULL, NULL, NULL, NULL),
(77, '3273074102630', 'Pinta Uli DP Silalahi', 1, 'Wanita', 'Medan', '1963-02-01', 'a', 'Jln. Setra Indah I No 11 A', '004', '003', 'Sukagalih', 'Sukajadi', '', NULL, NULL, NULL, NULL),
(79, '3273166503610', 'Sri Sulastri', 7, 'Wanita', 'Bandung', '1961-03-25', '085321451745', 'Jl Arumsari 6 No 49', '003', '012', 'Bbk Sari', 'Kiaracondong', '', NULL, NULL, NULL, NULL),
(81, '3278010506820', 'Hendra Suryaman', 10, 'Pria', 'Tasikmalaya', '1982-06-05', '081222354611', 'Jl. Gg Babakan Payunmg Ii No 12', '004', '005', 'Yudanegara', 'Cihideung', '', NULL, NULL, NULL, NULL),
(82, '1671104309930', 'Grace CH Napitupulu', 7, 'Wanita', 'Palembang', '1993-09-03', 'a', 'Jl Petanang No 04 Komp Pusri', '002', '001', 'Sei Selayur', 'Kalidoni', '30118', NULL, NULL, NULL, NULL),
(83, '3273241504532', 'Eddy Waryo Purba', 10, 'Pria', 'Medan', '1963-04-15', '082118262200', 'Jl. Banjarsari Xv No. 10', '004', '015', 'Sukamiskin', 'Arcamanik', '', NULL, NULL, NULL, NULL),
(84, '3273141704750', 'Herwin', 10, 'Pria', 'Palembang', '1975-04-17', '0818639000', 'Jl Villa Asri Tengah V/C22', '002', '010', 'Sukapada', 'Cibeunying Kidul', '40125', NULL, NULL, NULL, NULL),
(85, '3375031506680', 'Yonathan Bhinanta Agung', 7, 'Pria', 'Pekalongan', '1968-06-15', '08157122211', 'Jl Ekologi 37 Cigadung', '', '', '', '', '', NULL, NULL, NULL, NULL),
(86, '3276502770001', 'Maria T.hasudungan', 1, 'Wanita', 'Bandung', '1977-02-25', '08172358989', 'Jl. Villa Asri Tengah V No. C 22', '001', '010', 'Sukapada', 'Cibeunying Kidul', '', NULL, NULL, NULL, NULL),
(87, '1603051303840', 'David Hasudungan Sibarani', 2, 'Pria', 'Palembang', '1984-03-13', '081220556792', 'Jl Moch. Yunus IV No 7', '005', '008', 'Pasir Kaliki', 'Cicendo', '', NULL, NULL, NULL, NULL),
(88, '3203072612920', 'Empu Vfallens Tarigan', 10, 'Pria', 'Medan', '1992-12-26', '081610041498', 'Jl. Dipatiukur', '', '', 'Sabandar', 'Karang Tengah', '', NULL, NULL, NULL, NULL),
(89, '3273300804800', 'Dunand Naibaho', 10, 'Pria', 'Sibolga', '1980-04-08', '081322656454', 'Jl. Jatihandap Gg III', '003', '004', 'Jatihandap', 'Mandalajati', '', NULL, NULL, NULL, NULL),
(90, '470413053041', 'Jerry Panggabean', 10, 'Pria', 'Bandung', '1967-08-26', '081320734495', 'Jl Merak Ngibing No 6', '001', '011', 'Sukaluyu', 'Cibeunying Kaler', '40123', NULL, NULL, NULL, NULL),
(91, '111111', 'Sally Kristine', 1, 'Pria', 'Bandung', '1983-06-16', '-', 'Jl. Budhi No.32', '', '', 'Sukaraja', 'Cicendo', '', NULL, NULL, NULL, NULL),
(92, '9271010102910', 'Baldus Ch. F. Ambrauw', 10, 'Pria', 'Sorong', '1991-02-01', '085244478983', 'Jl Ciumbuleuit', '001', '010', '', '', '', NULL, NULL, NULL, NULL),
(94, '6403052705890', 'Indra Yunus Sambira', 7, 'Pria', 'Kelay', '1999-05-27', '085247279292', 'Jl Sukarajin III', '001', '012', 'Cikutra', 'Cibeunying', '40124', NULL, NULL, NULL, NULL),
(95, '1271212903900', 'Bistok Efraim Hutagalung', 7, 'Pria', 'Palembang', '1999-03-29', '082218245598', 'Bojong Soang', '', '', '', '', '', NULL, NULL, NULL, NULL),
(96, '3273185007680', 'Julianan Panjaitan', 1, 'Wanita', 'Pekanbaru', '1968-07-10', '081320734495', 'Jl. Merak Ngibing No.6', '001', '011', 'Sukaluyu', 'Cibeunying Kaler', '', NULL, NULL, NULL, NULL),
(99, '3273235111580', 'Dra. Gabriel Liliek Maryana', 7, 'Wanita', 'Yogyakarta', '1958-11-11', '081809111758', 'Jlmars Barat Vi No.1', '002', '007', 'Manjahlega', 'Rancasari', '', NULL, NULL, NULL, NULL),
(100, '3273151009760', 'Leo Yannen', 1, 'Pria', 'Bandung', '1976-09-10', '087822454574', 'Jl. Mekar Indah No. 9', '005', '008', 'Cijerah', 'Bandung Kulon', '', NULL, NULL, NULL, NULL),
(102, '3674034803950', 'Maria Margareth Tulihere', 7, 'Wanita', 'Jakarta', '1985-04-08', '-', 'Jl. Sekeloa No. 31', '', '', '', '', '', NULL, NULL, NULL, NULL),
(103, '11111111', 'Asti Novita Yholanda Masela', 7, 'Wanita', 'Ternate', '1990-08-12', '082344212999', 'Jl. Bangbayang No. 9', '', '', '', 'Coblong', '', NULL, NULL, NULL, NULL),
(104, '3275015102830', 'FEBI JONATAN', 10, 'Wanita', '', '2015-01-01', '0811110283', 'JL. BUANA SARI V NO. 31', '008', '004', 'KUNJUNGSARI', 'LOGAM', '', NULL, NULL, NULL, NULL),
(105, '7171032807940', 'Kevin Giovani Pascoal', 1, 'Pria', 'Manado', '1994-07-28', '082293463236', 'Jln Pasir Layung', '005', '009', 'Padasuka Atas', 'Cimenyan', '40192', NULL, NULL, NULL, NULL),
(106, '3273020805710', 'David Binsar', 10, 'Pria', 'Bandung', '1971-05-08', '08156092210', 'Jl Sangkuriang No 25', '004', '013', 'Dago', 'Coblong', '40135', NULL, NULL, NULL, NULL),
(107, '3273144810870', 'Anne C.r. Sitorus', 1, 'Wanita', 'Bandung', '1987-10-08', '-', 'Jl. H. Sahroni No.54', '002', '005', 'Cikutra', 'Cibeunying Kidul', '', NULL, NULL, NULL, NULL),
(109, '3204050612860', 'Yohanes Fayakun', 1, 'Pria', 'Bandung', '1986-12-06', '082217595966', 'Komp Abdi Negara II Blok N1 No 16', '004', '023', 'Cileunyi Wetan', 'Cileunyi', '40622', NULL, NULL, NULL, NULL),
(110, ' 327302610872', 'Tetty Uly R.t.s', 7, 'Wanita', 'Bandung', '1973-08-21', '0222503688', 'Jl. Tubagus Ismail No.17', '003', '008', 'Sekeloa', 'Coblong', '', NULL, NULL, NULL, NULL),
(111, '5730212078400', 'Daniel Victor', 10, 'Pria', 'Malang', '1984-06-12', '083807386112', 'Jl. Lombok 5', '002', '004', 'Kasin', 'Klojen', '', NULL, NULL, NULL, NULL),
(112, '3273145706930', 'Theresia Yuni Atika Simbolon', 7, 'Wanita', 'Bandung', '1993-06-17', '088213028684', 'Jl. Babakan Sukatma No 86/210 A', '005', '009', 'Pasirlayung', 'Cibeunying Kidul', '', NULL, NULL, NULL, NULL),
(113, '3671091307920', 'Yulius Ninggolan', 2, 'Pria', 'Tangerang', '1992-07-13', '08561906929', 'Jl Pelesiran 51a/56', '', '', '', '', '', NULL, NULL, NULL, NULL),
(114, '1271065801940', 'Jesica Theodora Samosir', 8, 'Wanita', 'Medan', '1994-01-18', '081214775780', 'Jl Sukamekar I no 9', '', '', '', '', '', NULL, NULL, NULL, NULL),
(115, '3275081505950', 'Daniel Maynard Samosir', 4, 'Pria', 'Jakarta', '1995-05-15', '085628600155', 'Jl. Elang 5 No. 7 Jatibening Estate', '010', '013', 'Jatibening', 'Pondok Gede', '', NULL, NULL, NULL, NULL),
(116, '3201130706870', 'Gerald Patrick S', 7, 'Pria', 'Kupang', '1987-06-07', '081318893036', 'Puri Citayam Permai C.1/13', '003', '011', 'Rawapanjang', 'Bojong Gede', '16922', NULL, NULL, NULL, NULL),
(117, '3273200608680', 'Lauren', 4, 'Pria', 'P. Brandan', '1968-08-06', '085263227900', 'Jl Kuningan Raya No 59', '001', '013', 'Antapani Tengah', 'Antapani', '', NULL, NULL, NULL, NULL),
(118, '3273207009700', 'Lydia Tampubolon', 4, 'Wanita', 'Bandung', '1970-09-30', '08122024687', 'Jl. Kuningan Raya No. 59', '001', '013', 'Antapani Tengah', 'Antapani', '', NULL, NULL, NULL, NULL),
(119, '3273181904650', 'Agi Lukas Noto Bagyo', 2, 'Pria', 'Bandung', '1965-04-19', '08122493299', 'Jl Muararajeun Lama 45', '002', '005', 'Cihaurgeulis', 'Cibeunying Kaler', '40122', NULL, NULL, NULL, NULL),
(120, '3273185601870', 'Cyntia Lisdaria', 10, 'Wanita', 'Bandung', '1987-01-16', '081322440687', 'Komp. Baromeus Sekemiring V/a3', '', '', 'Cigadung Timur', '', '', NULL, NULL, NULL, NULL),
(121, '930513440288', 'Richard Anderson', 4, 'Pria', 'Bandung', '1993-05-26', '082219375637', 'Kp. Cibeber Girang', '001', '004', 'Tenyoayu', 'Cicurug', '43359', NULL, NULL, NULL, NULL),
(123, '3273035007730', 'Julianan Ros Melinda P', 7, 'Wanita', 'Palembang ', '1973-07-10', '08122358135', 'Jl. Kopo Cirangrang', '002', '004', 'Margasuka', 'Bbk Ciparay', '', NULL, NULL, NULL, NULL),
(124, '3174062708840', 'Prawira Partogi Hasian Hutapea', 1, 'Pria', 'Jakarta', '1984-08-27', '087780484942', 'Bumikarang Indah Blok C1 No 2', '005', '009', 'Lebak Bulus', 'Cilandak', '12440', NULL, NULL, NULL, NULL),
(125, '3275057006970', 'Ken Kunthi Yayisari', 1, 'Wanita', 'Jakarta', '1997-06-30', '085216070077', 'Jl. Sekeloa Selatan Ii No.14', '001', '014', 'Lebak Gede', 'Coblong', '', NULL, NULL, NULL, NULL),
(126, '3273202407850', 'Kristoffer L. Tobing', 10, 'Pria', 'Prabumulih', '1985-07-24', '08157171712', 'Jl Depok II No 16', '001', '005', 'Antapani Tengah', 'Antapani', '40291', NULL, NULL, NULL, NULL),
(128, '3275062808970', 'Nathanael Pramadia', 8, 'Pria', 'Jakarta ', '1997-08-28', '08979670725', 'Jl. Sangkuriang 57', '', '', '', '', '', NULL, NULL, NULL, NULL),
(129, '3273021706630', 'Ronald A.J. Toelle', 7, 'Pria', 'Bandung', '1963-06-17', '081809636208', 'Jl Ciung Wanara No 12A', '002', '004', 'Lebak Siliwangi', 'Coblong', '40132', NULL, NULL, NULL, NULL),
(130, '3275030801980', 'William Einstein', 2, 'Pria', 'Jakarta', '1998-01-08', '085716000397', 'Jl. Sangkuriang Blok 5 No. 7', '', '', '', '', '', NULL, NULL, NULL, NULL),
(131, '3175037110890', 'Winda Kristihansari', 7, 'Wanita', 'Jakarta', '1989-10-31', '08568850894', 'Jl Cipinang Muara No 18', '006', '002', 'Cipinang Muara', 'Jatinegara', '13420', NULL, NULL, NULL, NULL),
(132, '7271014209660', 'Nurasyah Dewi Napitupulu', 1, 'Wanita', 'Pasar Lanteung', '1966-09-02', '082125519838', 'Setiabudi', '', '', '', '', '', NULL, NULL, NULL, NULL),
(133, '1231231251215', 'Haryus', 10, 'Pria', 'Pasuruan', '1983-02-04', '081334774804', 'Jl Cisitu Indah Baru No 9', '', '', 'Dago', 'Coblong', '', NULL, NULL, NULL, NULL),
(134, '1904015908870', 'ROS PRISKA', 10, 'Wanita', 'KOBA', '1987-08-19', '081322124587', 'JL. LEMBAH SUKARESMI I NO. 19', '', '', '', '', '', NULL, NULL, NULL, NULL),
(135, '3273092710820', 'Sylvan Roderick Mandagi', 1, 'Pria', 'Bandung', '1982-10-27', 'a', 'Jl H Wasid No 23', '008', '007', 'Lebak Gede', 'Coblong', '', NULL, NULL, NULL, NULL),
(136, '3273025610790', 'Siti Saonah', 10, 'Wanita', 'Bandung', '1979-10-16', '081809363010', 'Jl Butas 361', '007', '005', 'Dago', 'Coblong', '40135', NULL, NULL, NULL, NULL),
(137, '0000531412312', 'Sophia Wurarah', 10, 'Wanita', 'Bandung', '1969-06-30', '087722205123', 'CiungWanara No 12A', '002', '004', '', '', '', NULL, NULL, NULL, NULL),
(138, '3273021006880', 'Wimanda M. Moestopo', 10, 'Pria', 'Madison', '1988-06-10', '085220418807', 'Jl. Ir.h.juanda No.163', '002', '003', 'Lebak Siliwangi', 'Coblong', '40132', NULL, NULL, NULL, NULL),
(139, '3271066605830', 'Magdalena Lenny Siitumorang', 11, 'Wanita', 'Bogor', '1983-05-20', '087809874231', 'Jl Portibi No 5 Cim. Permai', '004', '009', 'Kedungbadak', 'Tanah Sareal', '16164', NULL, NULL, NULL, NULL),
(141, '3217011509760', 'Deby Parsaoran', 1, 'Pria', 'Medan', '1976-09-15', '085247868899', 'Jl. Komp. Graha Puspa B.3/5.c', '002', '015', 'Sukajaya', 'Lembang', '40391', NULL, NULL, NULL, NULL),
(142, '3175036507961', 'Kezia Charlotta Alexandry', 10, 'Wanita', 'Jakarta', '1996-07-25', '081318959990', 'Jl Cendrawasih 10 No 92', '', '', 'Jatimulya Bekasi', '', '', NULL, NULL, NULL, NULL),
(143, '3273181005810', 'Oscar Mekadri', 1, 'Pria', 'Bandung', '1981-05-10', '0222507477', 'Jl Sapujagat No 1', '002', '009', 'Sukaluyu', 'Cibeunying Kaler', '40123', NULL, NULL, NULL, NULL),
(144, '3273226010690', 'Tifanny Evie Paat', 10, 'Wanita', 'Mojokerto', '1989-10-20', '081342743142', 'Jl. Perum Setiabudi Regency Wing 3 Zamrud Viii', '004', '014', 'Cigugur', 'Parongpong', '40559', NULL, NULL, NULL, NULL),
(145, '3273222610610', 'Yongky J. F. Suatan', 10, 'Pria', 'Makassar', '1961-10-28', '0811460649', 'Galaxi II No 68', '004', '007', 'Sekejati', 'Buah Batu', '', NULL, NULL, NULL, NULL),
(147, '001231251006', 'Febiola Magdalena', 10, 'Wanita', 'Gianyar', '1997-02-04', '082240119033', 'Asrama Telkom University', '', '', '', '', '', NULL, NULL, NULL, NULL),
(148, '3217022301640', 'Titus Tampubolon', 1, 'Pria', 'Bangka', '1964-01-23', '082117333970', 'Kp. Mekarwangi No 58', '002', '009', 'Karyawangi', 'Parongpong', '40559', NULL, NULL, NULL, NULL),
(149, '1271131507940', 'Luiz David Sinaga', 2, 'Pria', 'Medan', '1999-07-15', '081296640194', 'Jl. Tubagus Ismail Depan No. 79 B', '', '', '', 'Coblong', '', NULL, NULL, NULL, NULL),
(150, '3175061001900', 'Manggala Anindyagun', 10, 'Pria', 'Prabu Mulih', '1990-01-10', '081285202025', 'Jl Kebun Mawar LC 2/17', '009', '013', 'Penggilingan', 'Cakung', '13940', NULL, NULL, NULL, NULL),
(151, '0010870000612', 'Hulman Marasi Hutabarat', 1, 'Pria', 'Tarutung', '1963-10-21', '08122119487', 'Jln Sarimanis No 82\r\n', '', '', 'Sukasari', 'Sarijadi', '', NULL, NULL, NULL, NULL),
(152, '3273141011820', 'Nicholas', 10, 'Pria', 'Bandung', '1982-11-10', '0856222290', 'Jl Riung lestari IV A No 22', '009', '004', 'Cisaranteun Kidul', 'Gedebage', '40295', NULL, NULL, NULL, NULL),
(153, '3277031510800', 'Astadi Pangarso', 7, 'Pria', 'Madiun', '1980-10-15', '082121544544', 'Jl. Kota Mas Raya No.61', '008', '005', 'Cipageran', 'Cimahi', '40511', NULL, NULL, NULL, NULL),
(155, '3273026907780', 'Mariyolin Grace Hande', 7, 'Wanita', 'Poso', '1978-07-29', '08122129028', 'Jl Sangkuriang No 25', '004', '013', 'Dago', 'Coblong', '', NULL, NULL, NULL, NULL),
(156, '3273184505640', 'Sondang M Patty', 7, 'Wanita', 'Pati', '1964-05-05', '0811220575', 'Jl Pecah Kopi No 10', '09', '07', 'Sukaluyu', 'Cibeunying Kaler', '40123', NULL, NULL, NULL, NULL),
(159, '3273202303770', 'Tulus Martua Sihombing', 4, 'Pria', 'Tarutung', '1977-03-23', '081395123377', 'Jl Jatiwangi Raya No 77', '004', '016', 'Antapani Tengah', 'Antapani', '40291', NULL, NULL, NULL, NULL),
(162, '-', 'Winda Ramauli Sitompul', 10, 'Wanita', 'dumai', '1982-01-05', '081320201671', 'Jl kebon kembang 19 tamansari', '06', '11', 'tamansari', 'bandung wetan', '40116', NULL, NULL, NULL, NULL),
(163, '3273160104840', 'Sondang Aryanto', 7, 'Pria', 'Bandung', '1984-04-01', '081585868704', 'Binong Kidul No 93a/127c', '02', '04', 'Kebon Kangkung', 'Kiaracondong', '40284', NULL, NULL, NULL, NULL),
(164, '3273106908940', 'Gladys Saraswita Sidauruk', 10, 'Wanita', 'Bandung', '1994-08-29', '081321688879', 'Jl. Karasak Utara II No. 10', '006', '006', 'Karasak', 'Astana Anyar', '', NULL, NULL, NULL, NULL),
(165, '3271022101870', 'Ari Wahyu Hidayat', 7, 'Pria', 'Magelang', '1987-01-21', '082121169987', 'Jl Kubang Selatan No 46', '02', '14', 'Lebakgede', 'Coblong', '-', NULL, NULL, NULL, NULL),
(168, '3204086801930', 'Fatimah Romika Simangunsong', 4, 'Wanita', 'Medan', '1983-01-27', '081320600627', 'Komp Girimekar Permai Jl Girimekar Ayu I No 2', '003', '021', 'Girimekar', 'Cilengkrang', '14619', NULL, NULL, NULL, NULL),
(170, '3215034604910', 'Rectiora Panjaitan', 10, 'Wanita', 'Bandung', '1991-04-06', '081320925322', 'Galuh Mas Blok Ii A6', '12', '15', 'Sukaharja', 'Telukjambe Timur', '-', NULL, NULL, NULL, NULL),
(171, '3273235212670', 'Menak Harianja', 7, 'Wanita', 'Duri', '1967-12-12', '081220210967', 'Komp. Bandung Indah Raya Blok B-2 No 23', '002', '001', 'Mekarjaya', 'Rancasari', '', NULL, NULL, NULL, NULL),
(172, '3217026701760', 'Joice M Panjaitan', 7, 'Wanita', 'Pekanbaru', '1976-01-27', '081221150400', 'Komp Cibaligo Permai No 123', '03', '10', 'Cihanjuang', 'Parongpong', '40559', NULL, NULL, NULL, NULL),
(173, '3273020711690', 'Roland M.T Silalahi', 7, 'Pria', 'Medan', '1969-11-07', '0818226678', 'Ir. H. Juanda No. 187', '002', '011', 'Dago', 'Coblong', '', NULL, NULL, NULL, NULL),
(175, '3273230511670', 'Hotman Pakpahan', 10, 'Pria', '', '2015-01-01', '081321457200', 'Komp. Bandung Raya Indah Blok B2 No 23', '002', '001', 'Mekarjaya', 'Rancasari', '', NULL, NULL, NULL, NULL),
(177, '0010870000850', 'Eris Gultom', 4, 'Pria', 'Jakarta', '1961-07-21', '0811309093', 'Jl Batununggal Abadi 1 No 32', '02', '05', 'Mengger', 'Bandung Kidul', '-', NULL, NULL, NULL, NULL),
(179, '3273236202930', 'Surya Martha Pratiwi', 10, 'Wanita', 'Bandung', '1993-02-22', '081931334399', 'jl. Mars Barat VI No 1', '002', '007', 'Manjahlega', 'Rancasari', '', NULL, NULL, NULL, NULL),
(181, '3273305607910', 'Rianne Theodora Alfari', 10, 'Wanita', 'Bandung', '1991-07-16', '081809495826', 'Komp Giri-Mande Blok B-8/9', '007', '004', 'Karang Pamulang', 'Mandalajati', '40194', NULL, NULL, NULL, NULL),
(182, '3273124602890', 'Agatha Febrina Gultom', 13, 'Wanita', 'Banjarmasin', '1989-02-06', '08121477693', 'Batununggal Abadi Vi No 32', '02', '05', 'Mengger', 'Bandung Kidul', '-', NULL, NULL, NULL, NULL),
(183, '3204008160666', 'Wesny Halomoan', 1, 'Pria', 'Balige', '1966-06-16', '081312066707', 'GBI Blok No 9', '', '', '', '', '', NULL, NULL, NULL, NULL),
(185, '1798239812379', 'Sri Iman Basuki', 7, 'Pria', 'Solo', '1961-04-27', '081224031840', 'Jl. Ebony 23/21', '004', '013', 'Cangkuang', '-', '-', NULL, NULL, NULL, NULL),
(186, '3273230410880', 'Christian Vier O', 10, 'Pria', 'Bandung', '1988-10-04', '085863625354', 'Jl Keadilan No 425', '009', '009', '', '', '', NULL, NULL, NULL, NULL),
(187, '1232130141248', 'Felicia Monic', 10, 'Wanita', 'Bandung', '1996-10-10', '087722514871', 'Jl Jurang 66', '05', '07', 'Pasteur', 'Sukajadi', '-', NULL, NULL, NULL, NULL),
(188, '1231231203912', 'Widya Yulianzi Saragih', 10, 'Wanita', 'T. Balai', '1997-07-05', '087879313721', 'Jl Sekeloa', '01', '02', '-', '-', '-', NULL, NULL, NULL, NULL),
(189, '3273025006810', 'Ade Yunita Iriani Sitorus', 1, 'Wanita', 'Jayapura', '1981-06-10', '08122312427', 'Jl. Dr. Setiabudhi No 13/156-B', '001', '003', 'Cipaganti', 'Coblong', '40131', NULL, NULL, NULL, NULL),
(190, '3273304505780', 'Imelda Clara Evelina Sirait', 10, 'Wanita', 'Medan', '1978-05-05', '08133443197', 'Komp Bumi Sindangjaya B7 A', '004', '004', 'Sindang Jaya', 'Madalajati', '', NULL, NULL, NULL, NULL),
(191, '1271072703730', 'Liston Monang Silalahi', 1, 'Pria', 'Padang Sidempuan', '1974-03-27', '08126885134', 'Komp Villa Setiabudi Flamboyan Blok H/9', '01', '05', 'Tanjung Selamat', 'Mendan Tuntungan', '22722', NULL, NULL, NULL, NULL),
(192, '3273026708730', 'Thiar Evelyna Sitorus', 1, 'Wanita', 'Jakarta', '1973-08-27', '08122327728', 'Jl. Dr. Setiabudhi No 13/156-b', '001', '003', 'Cipaganti', 'Coblong', '40131', NULL, NULL, NULL, NULL),
(193, '3273286511720', 'Masna Barus', 1, 'Wanita', 'Medan', '1972-12-25', '081385241220', 'Komplek Bandung Indah Raya No 6', '004', '001', 'Mekarjaya', 'Rancasari', '', NULL, NULL, NULL, NULL),
(195, '1023813791831', 'Sara Silalahi', 1, 'Wanita', 'Malang', '1971-06-10', '08121847526', 'Setra Indah I/IIA', '-', '-', 'Sukagalih', 'Sukasari', '-', NULL, NULL, NULL, NULL),
(197, '2310312048141', 'Ronaldo Parapat', 7, 'Pria', 'Jambi', '1974-07-11', '081320661116', 'Jl Girimekar Ayu 1 No 2', '03', '21', '-', 'Cilengkrang', '40619', NULL, NULL, NULL, NULL),
(198, '9171056503720', 'Yannice Luma Marnala Sitorus', 10, 'Wanita', 'Jayapura', '1972-03-25', '082199522512', 'Jl. Dr. Setiabudhi No. 13/156B', '001', '003', 'Cipaganti', 'Coblong', '40131', NULL, NULL, NULL, NULL),
(200, '3311091711950', 'Daud Sandy C', 1, 'Pria', 'Surakarta', '1995-11-17', '082115502004', 'Jl. Merpati Ba 26 Turiharjo', '003', '006', 'Madegondo', 'Grogol', '', NULL, NULL, NULL, NULL),
(203, '3277010805820', 'Swendy Sembirin', 13, 'Pria', 'Karo', '1982-05-08', '081322290278', 'Jl Gigirising No 58', '03', '19', 'Girimekar', 'Cilengkrang', '-', NULL, NULL, NULL, NULL),
(204, '3273121006700', 'Roy Ario Andoko', 1, 'Pria', 'Bandung', '1970-06-10', '087821507570', 'Gang Cimawung No 162 A', '02', '07', 'Taman Sari', 'Bandung Wetan', '', NULL, NULL, NULL, NULL),
(206, '0010870001061', 'Deddy Rudiyanto', 5, 'Pria', 'Kebumen', '1977-05-05', '08111909698', 'Setra Duta Blok I4 No 17', '01', '14', 'Sariwangi', 'Parongpong', '-', NULL, NULL, NULL, NULL),
(207, '3173052406880', 'Teddie Halim', 4, 'Pria', 'Jakarta', '1988-06-24', '081806906823', 'Jl Daud No 2', '002', '008', 'Sukabumi Utara', 'Kebon Jeruk', '11540', NULL, NULL, NULL, NULL),
(208, '3277010103730', 'Ivan F. B Manalu', 10, 'Pria', 'Medan', '1973-03-01', '081321976954', 'Jl. Kebon Jeruk 214', '001', '020', 'Cibeureum', 'Cimahi Selatan', '', NULL, NULL, NULL, NULL),
(209, '3273191404670', 'Ari Budisantoso', 7, 'Pria', 'Yogyakarta', '1967-04-14', '081322610168', 'Jl. Cibunut No 143/34 A', '003', '007', 'Kebon Pisang', 'Sumur Bandung', '40112', NULL, NULL, NULL, NULL),
(210, '3277016705730', 'Meindry M. R Panjaitan', 7, 'Wanita', 'Bandung', '1973-05-27', '08122388905', 'Jl. Kebon Jeruk 214', '001', '020', 'Cibeureum', 'Cimahi Selatan', '', NULL, NULL, NULL, NULL),
(211, '3211183112660', 'Visman P H T', 8, 'Pria', 'Balige', '1966-12-31', '085318491966', 'Kp. Lebak Gede', '006', '004', 'Cimenyan', 'Cimenyan', '40197', NULL, NULL, NULL, NULL),
(214, '1702171503940', 'Harry Dickson Simbolon', 8, 'Pria', 'Curup', '1994-03-15', '085789389881', 'Jl. Teratai No.18, Sukaraja', '001', '008', 'Sukaraja', 'Curup Timur', '39112', NULL, NULL, NULL, NULL),
(215, '3273025709720', 'Lesmin Nainggolan', 10, 'Wanita', 'Tapanuli', '1972-09-17', '08122346506', 'Jl Cisitu Indah VI No 185', '002', '004', 'Dago', 'Coblong', '40135', NULL, NULL, NULL, NULL),
(217, '7102071806960', 'Vincent Junico Ong', 7, 'Pria', 'Ambon', '1996-06-18', '085243263234', 'Jaga I', '000', '000', 'Sendangan', 'Tompaso', '', NULL, NULL, NULL, NULL),
(220, '3273192701740', 'Henry M Situmorang', 7, 'Pria', 'Dumai', '1974-01-27', '081320222464', 'Jl Tongkeng No 53', '02', '06', 'Merdeka', 'Sumur Bandung', '40113', NULL, NULL, NULL, NULL),
(221, '3273142801670', 'Jeffrey B. P. Samosir', 10, 'Pria', 'Dolok Sanggul', '1967-01-28', '0811225333', 'Jl. Sukasenang V No. 34', '006', '015', 'Cikutra', 'Cibeunying Kidul', '', NULL, NULL, NULL, NULL),
(222, '3275081205640', 'Sabar Liwang Panggabean', 10, 'Pria', 'Bandung', '1964-05-12', '08121001998', 'APT Taman Rasuna Unit 0128b', '001', '010', 'Menteng Atas', 'Setia Budi', '', NULL, NULL, NULL, NULL),
(223, '3204061701760', 'Ronald Bessie', 1, 'Pria', 'Jakarta', '1976-01-17', '08122033395', 'Griya Bukit Mas II Blok B4 No 6', '004', '019', 'Cibeunying', 'Cimenyan', '40163', NULL, NULL, NULL, NULL),
(225, '3204080306700', 'Ignatius Kukuh Baruna', 7, 'Pria', 'Surabaya', '1970-06-03', '08122359961', 'Komp Gbi Blok E-8 No 15', '11', '08', 'Buahbatu', 'Bojongsoang', '40287', NULL, NULL, NULL, NULL),
(226, '3273304405660', 'Kurnaesih', 7, 'Wanita', 'Ciamis', '1966-01-04', '081572699595', 'KOmplek Giri Mande Blok B 8/9', '007', '004', 'karang pamulang', 'Mandalajati', '', NULL, NULL, NULL, NULL),
(227, '3275051712970', 'Bana Benhart Sudiarto Advent', 7, 'Pria', 'Jakarta', '1999-12-17', '089513249533', 'Surya Permata Indah Blok D 1/10', '005', '003', 'Sepanjang Jaya', 'Rawalumbu', '17114', NULL, NULL, NULL, NULL),
(228, '3273021907700', 'Folmer Siswanto MS.', 1, 'Pria', 'Jakarta', '1970-07-19', '08122467996', 'Jl Ters Cigadung No 8', '003', '012', 'Sekeloa', 'Coblong', '40134', NULL, NULL, NULL, NULL),
(230, '3273072002690', 'PL goklan', 7, 'Pria', 'tapanuli utara', '1969-02-20', '08156060880', 'jl jurang no 15', '06', '06', 'pasteur', 'sukajadi', '40161', NULL, NULL, NULL, NULL),
(233, '1216045012950', 'Dessy Handayani S', 1, 'Wanita', 'Sosorniapoan', '1995-12-10', '082367863792', 'Polindes', '-', '-', 'Pearung Silali', 'Paranginan', '-', NULL, NULL, NULL, NULL),
(234, '1271075504850', 'Aflidayana Setiawati Sipayung', 10, 'Wanita', 'Medan', '1985-04-15', '082129999846', 'Jl. Kopi raya II No 16', '000', '000', 'Mangga', 'Medan Tuntungan', '', NULL, NULL, NULL, NULL),
(235, '3204062207950', 'Barega Hiphendi', 1, 'Pria', 'Bandung', '1995-07-21', '087722657464', 'Jl Batik Umt No 8', '09', '07', 'Sukaluyu', 'Cibeunying Kaler', '40191', NULL, NULL, NULL, NULL),
(236, '3201016607960', 'Juliana Eiren Boru Hasibuan', 10, 'Wanita', 'Bogor', '1996-07-26', '085691344484', 'Lingkungan Pala Manis', '002', '006', 'Cirimekar', 'Cibinong', '-', NULL, NULL, NULL, NULL),
(238, '3277013011790', 'Tonni Sijabat', 10, 'Pria', 'Samosir', '1979-11-30', '081320094047', 'Cimindi Timur', '04', '23', 'Cibeureum ', 'Cimahi Selatan', '40535', NULL, NULL, NULL, NULL),
(239, '1271075607950', 'Ira Novita Br Sembiring', 4, 'Wanita', 'Medan', '1995-07-16', '082115586880', 'Jln Flamboyan VI Lingk VII Medan', '013', '005', 'Tanjung Selamat', 'Medan Tuntungan', '20134', NULL, NULL, NULL, NULL),
(242, '931107220080', 'Yandi Goklas A. Hutabarat', 7, 'Pria', 'Tigalingga', '1993-11-30', '085370666999', 'Jl. Dr. FL. Tobing No 136A', '000', '000', 'Sidikalang', 'Sidikalang', '', NULL, NULL, NULL, NULL),
(243, '1231203121204', 'Lisbeth Siboro', 7, 'Pria', 'Medan', '1976-06-02', '082121722276', 'Pasadena Jl Tanjung Vip 3/9', '04', '11', '-', '-', '-', NULL, NULL, NULL, NULL),
(244, '3273246511870', 'Cristiani Simatupang', 7, 'Wanita', 'Balikpapan', '1987-11-25', '081802025785', 'Jl. Puri Dago Raya No.34', '005', '015', 'Sukamiskin', 'Arcamanik', '', NULL, NULL, NULL, NULL),
(245, '3273192304590', 'Rasmana Barus', 7, 'Pria', 'Medan', '1959-04-23', '081322113144', 'Jl Gandapura No 15', '004', '004', 'Merdeka', 'Sumur Bandung', '40113', NULL, NULL, NULL, NULL),
(246, '3273184701700', 'Ester Ag. Sitorus', 1, 'Wanita', 'Jakarta', '1970-01-07', '081221646826', 'Jl. Batik Jonas No 31', '007', '007', 'Sukaluyu', 'Cibeunying Kaler', '', NULL, NULL, NULL, NULL),
(247, '7171015605920', 'Irind Aleta Lintogareng', 7, 'Wanita', 'Manado', '1992-01-16', '081910200575', 'Lingkungan VII', '-', '007', 'Bunaken', 'Bunaken', '-', NULL, NULL, NULL, NULL),
(248, '3204082011800', 'Jhon Sihombing', 10, 'Pria', 'Surabaya', '1980-11-20', '081322770207', 'Jl Bojongsoang', '04', '04', 'Bojongsoang', 'Bojongsoang', '40288', NULL, NULL, NULL, NULL),
(249, '1273891327981', 'Nike Agustiani', 1, 'Wanita', 'Purwokerto', '1968-09-01', '-', 'Taman Melati G1/2', '-', '-', '-', '-', '-', NULL, NULL, NULL, NULL),
(250, '3273204108800', 'Silviyani', 4, 'Wanita', 'Bandung', '1988-10-04', '081222196644', 'Jl. Purwakarta 7 No.08', '005', '001', 'Antapani Tengah', 'Antapani', '', NULL, NULL, NULL, NULL),
(251, '3273154804940', 'Beatrice Puspadewi Kuncoro', 10, 'Wanita', 'Jepang', '1994-04-08', '089699985398', 'Jl. Marga Asri II/A-40', '004', '005', 'Gempolsari', 'Bandung Kulon', '', NULL, NULL, NULL, NULL),
(253, '3273262104800', 'Benyamin Lili Saputra', 4, 'Pria', 'Salatiga', '1980-04-21', '081322722780', 'Jl Kosar 70', '006', '005', 'Pasirendah', 'Ujungberung', '40293', NULL, NULL, NULL, NULL),
(254, '3273066910950', 'Bertha Tiur', 7, 'Wanita', 'Bandung', '1995-10-29', '087822572124', 'Jl Arjuna No 41', '002', '008', 'Arjuna', 'Cicendo', '40172', NULL, NULL, NULL, NULL),
(255, '3273142701800', 'Titus Nusantara', 10, 'Pria', 'Bandung', '1980-01-27', '08122121026', 'Jl Bekatonik No 46', '006', '014', 'Cikutra', 'Cibeunying Kidul', '-', NULL, NULL, NULL, NULL),
(256, '6401060308910', 'Mikhael Mangopo', 2, 'Pria', 'Makale', '1991-08-03', '082292227773', 'Jl. Galaxy Selatan V B. V-2', '002', '007', 'Sekejati', 'Buah Batu', '', NULL, NULL, NULL, NULL),
(257, '3204065203830', 'Magdalena S', 10, 'Wanita', 'Jakarta', '1983-03-12', '08121030794', 'Jl. Pada Asrri No. 03', '004', '005', 'Padasuka', 'Cimenyan', '', NULL, NULL, NULL, NULL),
(259, '3273277009740', 'Theresia Debby Damayanti', 7, 'Wanita', 'Malang', '1974-09-30', '081931337195', 'Jl Riung Purna Raya No 11', '004', '012', 'Cisaranten Kidul', 'Gedebage', '40295', NULL, NULL, NULL, NULL),
(260, '3273082511600', 'Dr. Alfoncius Simon', 10, 'Pria', 'Bogor', '1966-11-25', '081322111100', 'Jl. Ciembeluit No. 88', '006', '001', 'Hergamandah', 'Cidadap', '', NULL, NULL, NULL, NULL),
(261, '3271959049800', 'Jevon Natashya Tonggisara', 1, 'Wanita', 'Bandung', '1998-04-19', '08112271904', 'Jl. Patrakomala Dalam No. 10', '001', '006', 'Merdeka', 'Sumur Bandung', '', NULL, NULL, NULL, NULL),
(262, '7111130565666', 'Budhi Bm Sonjaya', 4, 'Pria', 'Bandung', '1971-11-05', '085861199185', 'Jl. Citamian No. 10', '009', '007', '', '', '', NULL, NULL, NULL, NULL),
(263, '3215032405570', 'Ferdinand Panjaitan', 10, 'Pria', 'Bandung', '1957-05-24', '081316751300', 'Galuh Mas Blok 2 A6 No 1', '012', '015', 'Sukaharya', 'Telukjambe Timur', '-', NULL, NULL, NULL, NULL),
(264, '98789798', 'C Andryani', 10, 'Wanita', 'Jakarta', '1978-02-06', '081381226243', 'P. Damar Gang Sapta', '', '', '', '', '', NULL, NULL, NULL, NULL),
(265, '912013052011', 'Eirene Yulian Adelin Patty', 7, 'Wanita', 'Bandung', '1991-02-09', '081320200225', 'Jl. Pecah Kopi No.10', '009', '007', '', '', '', NULL, NULL, NULL, NULL),
(266, '3372045701980', 'Bethea Zia Davida', 10, 'Wanita', 'Grobogan', '1998-01-17', '087836842417', 'Tegal Kuniran 136', '001', '026', 'Jebres', 'Jebres', '', NULL, NULL, NULL, NULL),
(267, '3273071711550', 'Sudifin Rajagukguk', 10, 'Pria', 'Tipang', '1955-11-17', '081352645589', 'Setra Indah 1 No 11', '004', '003', 'Sukagalih', 'Sukajadi', '-', NULL, NULL, NULL, NULL),
(268, '3175071105940', 'Fajar Maynard', 10, 'Pria', 'Batam', '1994-05-11', '081382531994', 'Jl.  Tmn Malaka Brt I Blk E6', '001', '009', 'Malaka Sari', 'Duren Sawit', '', NULL, NULL, NULL, NULL),
(269, '9111020904940', 'Aprianto Sp', 7, 'Pria', 'Jayapura', '1994-04-09', '085354245394', 'Perum Ptpn 2 Arso Tami', '006', '003', 'Workwana', 'Arso', '-', NULL, NULL, NULL, NULL),
(270, '3275040602940', 'Samuel Kant', 4, 'Pria', 'Jakarta', '1994-02-06', '087823707675', 'Jl. Damar Xii/d.100', '003', '005', 'Pekayon Jaya', 'Bekasi Selatan', '', NULL, NULL, NULL, NULL),
(271, '3302241006580', 'Tjing Hauw', 7, 'Pria', 'Kebumen', '1958-06-10', '08561650708', 'Jl. Ketapang V/36', '002', '007', 'Teluk', 'Purwokerto Selatan', '', NULL, NULL, NULL, NULL),
(273, '3273226502910', 'Tyas Nugrahaeni', 1, 'Wanita', 'Bandung', '1991-02-25', '08562001520', 'Jl. Uranus I Blok C Iii/37', '008', '006', 'Sekejati', 'Buah Batu', '', NULL, NULL, NULL, NULL),
(274, '127398172389', 'Irvan Rachmat', 7, 'Pria', 'Padangtrimbon', '1981-06-14', '081321923425', '', '', '', '', '', '', NULL, NULL, NULL, NULL),
(275, '3671051601940', 'Reinhart Jefri Suryadi', 7, 'Pria', 'Jakarta', '1994-01-16', '081310689942', 'Puri Permata Blok B.v/1', '008', '012', 'Cipondoh Makmur', 'Cipondoh', '', NULL, NULL, NULL, NULL),
(276, '1702170202950', 'Hendric Sahala T Simbolon', 7, 'Pria', 'Curup', '1995-02-02', '081224296904', 'Jl. Raya Duku Ulu Dusun Ii', '000', '000', 'Duku Ulu', 'Curup Timur', '', NULL, NULL, NULL, NULL),
(277, '3515182806900', 'Johan Wasana', 10, 'Pria', 'Sidoarjo', '1990-06-28', '085731115303', 'Jl Merpati 1/1', '007', '008', 'Wedoro', 'Waru', '-', NULL, NULL, NULL, NULL),
(278, 'TO89729', 'Mixsindo Korra', 7, 'Wanita', 'Jakarta', '1990-12-14', '082111868671', 'Jl Antareja X4 / 6-7', '004', '012', 'Pd Benda', 'Pamulang', '15417', NULL, NULL, NULL, NULL),
(279, '3273186049600', 'Michael David Martua Sitompul', 1, 'Pria', 'Bandung', '1996-04-26', '081321766201', 'Jl. Batik Jonas No.31', '007', '007', 'Sukaluyu', 'Cibeunying Kaler', '', NULL, NULL, NULL, NULL),
(280, '162398163897', 'Eduward Hutapea', 10, 'Pria', 'Maloklian', '1987-09-11', '081125428333', '', '', '', '', '', '', NULL, NULL, NULL, NULL),
(281, '2343049104871', 'Jeina', 10, 'Wanita', 'Minahasa', '1980-04-06', '081756084085', 'Diklat Pu', '-', '-', 'Cicaheum', '-', '-', NULL, NULL, NULL, NULL),
(282, '0912739817232', 'Laelasari', 1, 'Wanita', 'Ciamis', '1996-02-12', '085224450167', 'Tubagus', '002', '007', 'Sekeloa', 'Coblong', '', NULL, NULL, NULL, NULL),
(283, '1286318273912', 'Neni', 1, 'Wanita', 'Ciamis', '1983-05-28', '085221423081', 'Tubagus', '002', '007', 'Sekeloa', 'Coblong', '', NULL, NULL, NULL, NULL),
(284, '3216201712940', 'Joel Andri Prasetya Saragih', 1, 'Pria', 'Batam', '1994-12-17', '087881226927', 'Jl. Antilop Ii/ F-i/42 Cikarang Baru', '007', '007', 'Jayamukti', 'Cikarang Pusat', '', NULL, NULL, NULL, NULL),
(285, '3204070403770', 'Prido Rudyanthony', 13, 'Pria', 'Duri', '1977-03-04', '08128564919', 'Cisaranten Wetan', '002', '002', 'Cisaranten Wetan', 'Cinambo', '-', NULL, NULL, NULL, NULL),
(286, '3129381209471', 'Danand N', 13, 'Pria', 'Sibolga', '2015-01-01', '-', 'Jl Jatihandap Gang Iii', '-', '-', '-', '-', '-', NULL, NULL, NULL, NULL),
(288, '2132312301973', 'Octawyana Moestopo', 1, 'Wanita', 'Bandung', '1993-10-12', '085220700886', 'Jl Dago Pakar Raya No 89', '-', '-', '-', '-', '-', NULL, NULL, NULL, NULL),
(289, '3273202707730', 'Dinhard Sitompul', 10, 'Pria', 'Jambi', '1973-07-27', '082129236796', 'Jl Cibatu Raya No 9', '002', '018', 'Antapani Tengah', 'Antapani', '-', NULL, NULL, NULL, NULL),
(290, '3273020707620', 'Yulian Marshel Tuling', 4, 'Pria', 'Bandung', '1962-07-07', '-', 'Jl Titiran Dalam 2 No 143', '006', '005', 'Sadang Serang', 'Coblong', '-', NULL, NULL, NULL, NULL),
(292, '263123978', 'Martina Vionda', 10, 'Wanita', 'Pekanbaru', '0000-00-00', '081321762449', '', '', '', '', '', '', NULL, NULL, NULL, NULL),
(293, '3217016012730', 'Vinondini Indriati', 4, 'Wanita', 'Bandung', '1973-12-20', '0818620430', 'Kp. Bukatanah', '003', '009', 'Langensari', 'Lembang', '', NULL, NULL, NULL, NULL),
(295, '3273166410880', 'Dian Wulansari', 7, 'Wanita', 'Bandung', '1988-10-24', '085721367489', 'Jl. Babakan Sari I No. 49', '003', '012', 'Babakan Sari', 'Kiara Condong', '', NULL, NULL, NULL, NULL),
(296, '0010270000325', 'Maeka', 5, 'Wanita', 'Bandung', '1967-05-20', '0222508095', '', '', '', '', '', '', NULL, NULL, NULL, NULL),
(297, '320123891273', 'Yoan Pitha Glory', 10, 'Wanita', 'Jakarta', '1994-12-05', '082115463953', 'Perum Pesona Cilebut I Blok C4 No 23', '001', '014', 'Cilebut Barat', 'Sukaraja', '', 3, NULL, NULL, NULL),
(298, '3273110802930', 'Rio Hattu', 1, 'Pria', 'Bandung', '1993-08-08', '085722021797', 'Jl Pasirluyu Iii No 48 Bandung', '005', '008', 'Ancol', 'Regol', '40254', NULL, NULL, NULL, NULL),
(300, '3307091101930', 'Evan Budianto', 7, 'Pria', 'Wonosobo', '1993-01-11', '-', 'Jl S Parman No 23', '001', '007', 'Wonosobo Timur', 'Wonosobo', '-', NULL, NULL, NULL, NULL),
(302, '3273072701920', 'Sabam Zakari', 7, 'Pria', 'Bengkulu', '1992-02-01', '081394129242', 'Jl Surya Sumantri No 33', '003', '005', 'Sukawara', 'Sukajadi', '-', NULL, NULL, NULL, NULL),
(303, '7324022101890', 'Binsar Arieyano Sihombing', 7, 'Pria', 'Sorowako', '1989-01-21', '085220711989', 'Jl. Hasanudin F 48', '001', '001', 'Magani', 'Nuha', '', NULL, NULL, NULL, NULL),
(304, '3273152910730', 'Henry Sormin', 7, 'Pria', 'Jakarta', '1973-10-29', '08526327900', 'Taman Holis Indah Blok A No. 39', '004', '004', 'Cigowendah Kidul', 'Bandung Kulon', '', NULL, NULL, NULL, NULL),
(305, '3172055204940', 'Karin', 4, 'Wanita', 'Jakarta', '1994-04-12', '081293300757', 'Jln. Karang Bolong Ii/16', '001', '011', 'Ancol', 'Pademangan', '', NULL, NULL, NULL, NULL),
(306, '3674047012920', 'Ary Abygael Pilo', 10, 'Wanita', 'Jakarta', '1992-12-30', '08128090951', 'Kp. Sawah Jl. Kh Dewantoro No. 76a\r\n', '003', '005', 'Sawah', 'Ciputat', '', NULL, NULL, NULL, NULL),
(307, '3573010209860', 'Eden Suryoiman Winoto', 10, 'Pria', 'Malang', '1986-09-01', '081234530453', 'Jl. Untung Suropati Selatan I / 17', '002', '002', 'Kesatrian', 'Blimbing', '', NULL, NULL, NULL, NULL),
(308, '3277016009260', 'Ika Maryati Septina Siregar', 7, 'Wanita', 'Bandung', '1986-09-20', '08122155299', 'Jl. Rancabentang Timur No. 370', '007', '012', 'Cibereum', 'Cimahi Selatan', '', NULL, NULL, NULL, NULL),
(309, '0010870000276', 'Lily Pangarungan Latupeirissa', 10, 'Pria', '', '0000-00-00', '2515438', 'Jl Mars Dirgahayu Kav-8\r\n', '', '', '', '', '', NULL, NULL, NULL, NULL),
(310, '0010870000087', 'Chandra Y Silalahi', 8, 'Pria', 'Bandung', '1958-03-11', '7208835', 'Jl Golf Barat 5 / 21', '-', '-', 'Sukamiskin', 'Arcamanik', '-', NULL, NULL, NULL, NULL),
(311, '0010870000090', 'Agnes R', 2, 'Pria', '-', '1982-10-10', '-', '-', '-', '-', '-', '-', '-', NULL, NULL, NULL, NULL),
(312, '0010870000095', 'Saro Eddy Muhan', 11, 'Pria', 'Sidi Kalang', '1966-10-17', '081218609898', 'Tmn Melati D  1 35', '-', '-', '-', '-', '-', NULL, NULL, NULL, NULL),
(313, '0010870000096', 'Yulifina Evariana', 11, 'Wanita', 'Tebing Tinggi', '1972-07-12', '7275694', 'Jl.susmita No.17', '01', '08', '-', '-', '-', NULL, NULL, NULL, NULL),
(314, '0010870000101', 'Fabian Tirtha', 8, 'Pria', 'Mainz Germany', '1979-02-28', '0818217060', 'Karang Tengah Timur 10', '-', '-', '-', '-', '-', NULL, NULL, NULL, NULL),
(316, '0010870000108', 'Edwin Adhiwirya', 5, 'Pria', 'Bandung', '1986-04-20', '2016800', 'Sukamulya 57', '-', '-', '-', '-', '-', NULL, NULL, NULL, NULL),
(317, '0010870000534', 'Indah Marito', 10, 'Wanita', 'Banjarmasin', '1990-03-21', '022-5411989', 'Komp Sukamenak Indah D 30/45 \r\n', '01', '04', '', '', '', NULL, NULL, NULL, NULL),
(319, '0010870000539', 'Juryanto', 1, 'Pria', 'Makassar', '1988-06-02', '085222103660', 'Jl.siliwangi Dalam Iv\r\n', '', '', '', '', '', NULL, NULL, NULL, NULL),
(322, '0010870000111', 'Sigit Priyo N', 2, 'Pria', '-', '1971-06-12', '08562221612', 'Jl. Bukit Jarian', '-', '-', '-', '-', '-', NULL, NULL, NULL, NULL),
(323, '0010870000540', 'Chori Fahik', 1, 'Pria', 'Dili', '1991-07-04', '088888888', 'Jl.sukasari Ii\r\n', '', '', '', '', '', NULL, NULL, NULL, NULL),
(324, '0010870000113', 'Resmiati', 11, 'Wanita', '-', '1956-12-03', '-', 'Jl. Kalijati Ii No. 39', '-', '-', '-', '-', '-', NULL, NULL, NULL, NULL),
(325, '0010870000545', 'Ridwan Sinurat', 7, 'Pria', 'Medan', '1972-12-07', '080000000', 'Pasadena Vip 3/5\r\n', '', '', '', '', '', NULL, NULL, NULL, NULL),
(326, '0010870000115', 'Sabam Leonardo Ps', 11, 'Pria', '', '1981-08-13', '-', 'Jl. Bumi Saih No. 6', '-', '-', '-', '-', '-', NULL, NULL, NULL, NULL),
(327, '0010870000546', 'Martian Damanik', 1, 'Pria', 'Pematang Siantar', '1974-05-20', '0888968065', 'Jl.rereng Manis 10\r\n', '', '', '', '', '', NULL, NULL, NULL, NULL),
(328, '0010870000116', 'Hotma Ps', 11, 'Wanita', 'Bandung', '1965-12-28', '0227275694', 'Jl. Susmita 17', '01', '08', '-', '-', '-', NULL, NULL, NULL, NULL),
(329, '0010870000547', 'Sasnila Pakpahan', 10, 'Wanita', '', '1985-06-13', '0800000', 'Jl.ir H Djuanda 352 E', '', '', '', '', '', NULL, NULL, NULL, NULL),
(330, '0010870000550', 'Yuniarti Karina Pumpun', 1, 'Wanita', 'Toraja', '1991-06-21', '085255999447', 'Jl.pelesiran ', '', '', '', '', '', NULL, NULL, NULL, NULL),
(331, '0010870000134', 'Teddy Batubara', 11, 'Pria', 'Palembang', '1968-02-13', '70133290', 'Bumi Asri Blok V', '-', '-', '-', '-', '-', NULL, NULL, NULL, NULL),
(332, '0010870000554', 'Ira Jazika S', 10, 'Wanita', 'Makale', '1990-01-31', '0800000', 'Jl.pelesiran\r\n', '', '', '', '', '', NULL, NULL, NULL, NULL),
(333, '0010870000556', 'D. H. Simurat', 10, 'Pria', 'Unknown', '1970-01-01', '02270783929', 'Gereja Maulana Yusuf', '', '', '', '', '', NULL, NULL, NULL, NULL),
(334, '0010870000151', 'Minar Intan', 8, 'Wanita', 'Bandung', '1956-05-13', '08122327367', 'Jl.cibatu Raya No.9', '-', '-', '-', '-', '-', NULL, NULL, NULL, NULL),
(335, '0010870000559', 'Nico', 1, 'Pria', 'Bandung', '1952-06-12', '0800000', 'Jl.laksana  No. 32\r\n', '', '', '', '', '', NULL, NULL, NULL, NULL),
(338, '0010870000156', 'Sally Kristie', 11, 'Wanita', 'Bandung', '1983-03-16', '-', 'Jl.budhi No.32', '-', '-', '-', '-', '-', NULL, NULL, NULL, NULL),
(339, '0010870000568', 'Ferdinand', 10, 'Pria', 'Jayapura', '1973-02-05', '08172350960', 'Jl.sumarsana No.11\r\n', '', '', '', '', '', NULL, NULL, NULL, NULL),
(340, '0010870000570', 'Cdb Andreas', 10, 'Pria', 'Ambon', '1971-01-12', '08134512971', 'Ji Pramuka G 92\r\n', '', '', '', '', '', NULL, NULL, NULL, NULL),
(341, '10870000162', 'Marcus Am', 8, 'Pria', '-', '1950-03-19', '-', 'Maulana Yusuf', '-', '-', '-', '-', '-', NULL, NULL, NULL, NULL),
(342, '0010870000571', 'Bambang Prijanto An', 10, 'Pria', 'Jakarta', '1961-03-11', '0811123732', 'Palo Merak\r\n', '', '', '', '', '', NULL, NULL, NULL, NULL),
(343, '0010870000164', 'Bevi Ca Manuhutu', 11, 'Wanita', 'Indramayu', '1982-04-25', '08562340965', 'Jl Lingga Wastu', '-', '-', '-', '-', '-', NULL, NULL, NULL, NULL),
(344, '0010870000580', 'Firdaus A', 10, 'Pria', '-', '1980-06-21', '-', 'Ji Dago Elos\r\n', '', '', '', '', '', NULL, NULL, NULL, NULL),
(345, '0010870000166', 'Resniati', 11, 'Wanita', '-', '1956-03-12', '081320272642', 'Jl.kalijati Ii No.39', '-', '-', '-', '-', '-', NULL, NULL, NULL, NULL),
(346, '0010870000587', 'Dewi Susy S', 7, 'Wanita', 'Bandung', '1971-04-30', '08584657388', 'Ji Rereng Manis 55', '', '', '', '', '', NULL, NULL, NULL, NULL),
(347, '0010870000173', 'Nelly Margaret', 11, 'Wanita', 'Solo', '1981-09-20', '5411989', 'Sukamenak Indah D30/45', '-', '-', '-', '-', '-', NULL, NULL, NULL, NULL),
(348, '0010870000589', 'Marthin Maha', 1, 'Pria', 'Kabanjahe', '1976-03-06', '08124659703', 'Ji Sekeloa Timur\r\n', '', '', '', '', '', NULL, NULL, NULL, NULL),
(349, '0010870000177', 'Mardohar Tobing', 5, 'Pria', 'Medan', '1974-11-10', '0227202306', 'Sekejati X No 72 ', '01', '01', '-', '-', '-', NULL, NULL, NULL, NULL),
(350, '0010870000179', 'Marsini', 2, 'Wanita', 'Solo', '1979-03-04', '081312355583', 'Jl.cikutra 169/139a', '03', '15', '-', '-', '-', NULL, NULL, NULL, NULL),
(351, '0010870000594', 'Albert K Purba', 10, 'Pria', 'Medan', '1972-10-08', '-', 'Parakan Mas Vi No. 7\r\n', '', '', '', '', '', NULL, NULL, NULL, NULL),
(352, '10870000184', 'Sandy Suryana', 2, 'Pria', 'Bandung', '1964-08-11', '0222016800', 'Jl.sukamulya 57', '-', '-', '-', '-', '-', NULL, NULL, NULL, NULL),
(353, '0010870000597', 'Yerita Ariani', 4, 'Wanita', 'Palangkaraya', '1989-06-20', '-', 'Jl. Dago Pojok I No. 7\r\n', '', '', '', '', '', NULL, NULL, NULL, NULL),
(354, '0010870000205', 'Andro M.m. Napitupulu', 8, 'Pria', 'Soroako', '1986-04-20', '7279465', 'Jl. Kalijati Tengah No.26', '-', '-', '-', '-', '-', NULL, NULL, NULL, NULL),
(355, '0010870000600', 'Dianne Natalia Christanti', 7, 'Wanita', 'Bandung', '1991-09-09', '-', 'Jl. Tubagus Ismail Dalam I\r\n', '', '', '', '', '', NULL, NULL, NULL, NULL),
(356, '0010870000222', 'Boy Sando P', 8, 'Pria', 'Jakarta', '1987-01-31', '-', 'Gerlong Girang Gg. Kenangan', '-', '-', '-', '-', '-', NULL, NULL, NULL, NULL),
(357, '0010870000225', 'Ruari Prasetia Karsa', 11, 'Pria', 'Pandeglang', '1981-02-13', '-', 'Jl Prtista Timur I', '-', '-', '-', '-', '-', NULL, NULL, NULL, NULL),
(359, '0010870000234', 'Kris  M', 11, 'Pria', '', '1970-05-07', '2018104', 'Jl.sarimanah Vii/132 Sarijadi', '-', '-', '', '-', '-', NULL, NULL, NULL, NULL),
(360, '001087000028', 'Yannisari', 1, 'Wanita', '', '1984-02-10', '989868', 'Jl Raya Jatinangor No 261', '', '', '', '', '', NULL, NULL, NULL, NULL),
(361, '0010870000603', 'Enos Bayu Setiyadi', 7, 'Pria', 'Kebumen', '1983-08-18', '-', 'Gempol Wetan 217\r\n', '', '', '', '', '', NULL, NULL, NULL, NULL);
INSERT INTO `donors` (`id`, `no_register`, `nama`, `gol_darah_id`, `kelamin`, `tempat_lahir`, `tgl_lahir`, `telp`, `alamat`, `rt`, `rw`, `kelurahan`, `kecamatan`, `kode_pos`, `pekerjaan_id`, `penghargaan`, `total_donor`, `donor_terakhir`) VALUES
(363, '0010870000604', 'Ester Purwitasari', 1, 'Wanita', 'Tebing Tinggi', '1969-05-14', '0227207570', 'Jln. Jakarta 20-22 Kav.19 \r\n', '07', '09', '', '', '', NULL, NULL, NULL, NULL),
(365, '0010870000433', 'Sarwono', 7, 'Pria', 'Salatiga', '1962-03-22', '081221146334', 'Ji.asep Berlian 72 Cicadas\r\n', '', '', '', '', '', NULL, NULL, NULL, NULL),
(366, '0010870000605', 'Natasya Dameria', 1, 'Wanita', 'Jakarta', '1989-06-16', '08561984260', 'Kanayakan Baru No 41\r\n', '', '', '', '', '', NULL, NULL, NULL, NULL),
(367, '0010870000447', 'Anggi', 1, 'Wanita', 'Kisaran', '1990-02-03', '-', 'Jatinagor\r\n', '', '', '', '', '', NULL, NULL, NULL, NULL),
(368, '001087000049', 'Eduard', 1, 'Pria', 'Bandung', '1985-08-25', '6123697', 'Komp.  Istana Regansi I D 17\r\n', '', '', '', '', '', NULL, NULL, NULL, NULL),
(369, '0010870000606', 'Andri', 10, 'Pria', 'Bandung', '1955-08-06', '-', 'Jln Sukagalih 114\r\n', '', '', '', '', '', NULL, NULL, NULL, NULL),
(370, '0010870000301', 'Zadrach L Dupe', 10, 'Pria', 'Kupang', '1957-03-22', '2509652', 'Koma Ppr-itb', '', '', '', '', '', NULL, NULL, NULL, NULL),
(371, '0010870000453', 'Ijang Supriadi', 7, 'Pria', 'Bandung', '1974-07-03', '082115493099', 'Jl. Cikampek Vii No. 18\r\n', '', '', '', 'Antapani', '', NULL, NULL, NULL, NULL),
(372, '0010870000607', 'Yanuarlumaksono', 1, 'Pria', 'Surakarta', '1988-01-24', '-', 'Pasir Kalikki', '', '', '', '', '', NULL, NULL, NULL, NULL),
(373, '0010870000458', 'Jones', 10, 'Pria', 'Jakarta', '1990-01-16', '081586412505', 'Sekeloa Timur 50', '', '', '', '', '', NULL, NULL, NULL, NULL),
(374, '0010870000460', 'Andry Oktavianus', 1, 'Pria', 'Bandung', '1986-10-25', '7203013', 'Jl. Senam I/11 Arcamanik\r\n', '', '', '', '', '', NULL, NULL, NULL, NULL),
(375, '0010870000464', 'Dharma Sinurat', 10, 'Pria', 'Bandung', '1971-02-04', '2013868', 'Jl. Rukun 114 B Kpad Telp : 70699910\r\n', '', '', '', '', '', NULL, NULL, NULL, NULL),
(376, '0010870000307', 'Sandy Henoh Wicaksono', 5, 'Pria', 'Cirebon', '1987-05-20', '082226343512', 'Jl Sidomulyo 22', '', '', 'Sukaluyu', 'Cibeunying Kaler', '', NULL, NULL, NULL, NULL),
(377, '0010870000465', 'Linda', 10, 'Wanita', 'Tebet', '1976-01-01', ' ', 'Jl. Jurang Gg. Masjid No.627/181\r\n', '', '', '', '', '', NULL, NULL, NULL, NULL),
(378, '0010870000608', 'Regina L.n', 4, 'Wanita', 'Jakarta', '1990-06-15', '-', 'Agung Perkasa 16/1\r\n', '', '', '', '', '', NULL, NULL, NULL, NULL),
(379, '0010870000470', 'Althodenni Tm', 4, 'Pria', '', '1968-06-16', ' ', 'Jl. Cisitu Indah V No.13\r\n', '', '', '', '', '', NULL, NULL, NULL, NULL),
(380, '0010870000308', 'Yodi Ferdinand', 10, 'Pria', 'Jakarta', '1988-07-10', '0222504611', 'Jl.kaum Cipaganti', '', '', '', '', '', NULL, NULL, NULL, NULL),
(381, '0010870000471', 'Emmy Marisina', 10, 'Wanita', 'Bangka', '1968-09-28', ' 081802188659', 'Jl. Setra Dago Utara V No. 06', '006', '010', 'Antapani Wetan', 'Antapani', '', NULL, NULL, NULL, NULL),
(382, '0010870000473', 'Regina', 1, 'Wanita', 'Bandung', '1991-03-02', ' 7106087', 'Jl. Cipunagara No. 8\r\n', '', '', '', '', '', NULL, NULL, NULL, NULL),
(383, '0010870000609', 'Pradipta Atyanta', 10, 'Pria', 'Jakarta', '1991-02-20', '-', 'Bukit Jarian No 5a\r\n', '', '', '', '', '', NULL, NULL, NULL, NULL),
(384, '0010870000478', 'Jardie Androkles Andaki', 7, 'Pria', 'Manado', '1971-10-19', ' ', 'Jl. Muararajeun Lama I/67-b\r\n', '', '', '', '', '', NULL, NULL, NULL, NULL),
(385, '0010870000310', 'Gunata Gura', 2, 'Pria', '', '1969-11-02', '2036897', 'Jl. Budi Sari Vi/3\r\n', '', '', '', '', '', NULL, NULL, NULL, NULL),
(386, '0010870000610', 'Ester Hintono', 7, 'Wanita', 'Jogya', '1987-07-22', '085679377891', 'Jln Dangdeur Indah 1/17\r\n', '', '', '', '', '', NULL, NULL, NULL, NULL),
(387, '0010870000481', 'Deni Gumilang', 8, 'Pria', 'Subang', '1984-10-28', ' ', 'Kp. Jati Kaler 28\r\n', '', '', '', '', '', NULL, NULL, NULL, NULL),
(388, '0010870000611', 'Rainy Mawarwati', 7, 'Wanita', 'Bandung', '1972-01-12', '-', 'Komp Bumi Pasundan 166\r\n', '', '', '', '', '', NULL, NULL, NULL, NULL),
(391, '0010870000485', 'Ananda R Mooy', 8, 'Pria', 'Kupang', '2002-04-20', '7311517', 'Surya Indah No.16 Rt 04 Rw 04\r\n', '', '', '', '', '', NULL, NULL, NULL, NULL),
(392, '0010870000317', 'Baginta Bangen', 11, 'Pria', 'Medan', '1974-06-16', '-', 'Jl Kuningan Ix No 1', '', '', '', '', '', NULL, NULL, NULL, NULL),
(393, '0010870000486', 'Chandra Pardede', 11, 'Pria', 'Balige', '1973-01-11', ' 08212020072', 'Komp0 Graha Pura Mas\r\n', '', '', '', '', '', NULL, NULL, NULL, NULL),
(394, '0010870000487', 'Dwnita Larasati', 2, 'Wanita', 'Jakarta', '1972-12-28', '2505077', 'Jl. Cihaur 24', '', '', '', '', '', NULL, NULL, NULL, NULL),
(395, '0010870000491', 'Betty Sartika', 11, 'Wanita', 'Medan', '1979-05-31', '93272778', 'Jl.cibangkong Rt 04 Rw 06\r\n', '', '', '', '', '', NULL, NULL, NULL, NULL),
(396, '0010870000318', 'Budiman', 8, 'Pria', 'Bandung', '1964-01-30', '91200061', 'Dago Pakar\r\n', '', '', '', '', '', NULL, NULL, NULL, NULL),
(397, '0010870000613', 'Deo Lamando Manurung', 7, 'Pria', 'Banyumas', '1984-08-08', '081802078896', 'Sekeloa\r\n', '', '', '', '', '', NULL, NULL, NULL, NULL),
(398, '0010870000495', 'Audryn M.k', 11, 'Wanita', 'Solo', '1987-08-24', ' ', 'Jl.gkpn No.2 Wisma Ghofari\r\n', '', '', '', '', '', NULL, NULL, NULL, NULL),
(399, '0010870000320', 'Eirene Wastawati', 2, 'Pria', 'Bandung', '1986-06-10', '085624712682', 'Jl Sari Madu Barat Blok 26\r\n', '', '', '', '', '', NULL, NULL, NULL, NULL),
(400, '0010870000508', 'Bramasta K Lasut', 11, 'Pria', 'Bontang', '1988-05-14', '08125528188', 'Jl Cisitu Indah V\r\n', '', '', '', '', '', NULL, NULL, NULL, NULL),
(401, '0010870000509', 'Saor P Sihombing', 11, 'Pria', 'Bandung', '1982-01-16', '081394128668', 'Jl Teladan No 33 B Kpad Gerlong\r\n', '', '', '', '', '', NULL, NULL, NULL, NULL),
(402, '0010870000513', 'Roma', 2, 'Pria', 'Medan', '1976-12-18', '0227793301', 'Jl.seroja Ii/44\r\n', '', '', '', '', '', NULL, NULL, NULL, NULL),
(403, '0010870000614', 'Ronika Siboro', 7, 'Wanita', 'Sumbui Julu', '1983-04-08', '081316677271', 'Gereja Malana Yusuf\r\n', '', '', '', '', '', NULL, NULL, NULL, NULL),
(404, '0010870000514', 'Vinondini Andriati', 5, 'Wanita', 'Bandung', '1973-12-20', ' ', 'Jl.kp.buka Tanah\r\n', '', '', '', '', '', NULL, NULL, NULL, NULL),
(405, '0010870000516', 'Samuel', 11, 'Pria', 'P Siantar', '1972-09-14', ' ', 'Jl.winaya Agung\r\n', '', '', '', '', '', NULL, NULL, NULL, NULL),
(406, '0010870000324', 'Ismail Nurdin', 2, 'Pria', 'Ujung Pandang', '1987-04-15', '7205117', 'Jl Taman Sari 42 / 56 (darah Lipemik)', '', '', '', '', '', NULL, NULL, NULL, NULL),
(407, '0010870000615', 'Mercy Vicke Senduk', 10, 'Wanita', 'Bontang', '1990-05-15', '08567815251', 'Bukt Jarian 19 Ciumbuleuit\r\n', '', '', '', '', '', NULL, NULL, NULL, NULL),
(408, '0010870000518', 'Irvan Rachmat S', 8, 'Pria', 'Padang', '1981-06-14', ' ', 'Jl.kanayakan Ix\r\n', '', '', '', '', '', NULL, NULL, NULL, NULL),
(409, '0010870000519', 'Hotnaria Hutapea', 11, 'Wanita', 'Medan', '1975-10-24', ' 081322938698', 'Komp. Bukit Arcamanik Blok A2 No 2', '006', '015', 'Girimekar', 'Cilengkrang', '', NULL, NULL, NULL, NULL),
(410, '0010870000325', 'Meika', 5, 'Wanita', '20/05/1967', '1967-05-20', '-', 'Jl Dago No 361/7\r\n', '', '', '', '', '', NULL, NULL, NULL, NULL),
(411, '0010870000520', 'Embun M', 8, 'Wanita', 'Kediri', '1991-08-02', ' ', 'Jl.kayu Putih Selatan\r\n', '', '', '', '', '', NULL, NULL, NULL, NULL),
(412, '0010870000616', 'Rebecca', 10, 'Wanita', 'Medan', '1961-01-02', '-', 'Jln Kanaga No 1 Medan\r\n', '', '', '', '', '', NULL, NULL, NULL, NULL),
(413, '0010870000522', 'Hendartyo Ratriadi', 11, 'Pria', 'Magelang', '1972-03-10', '081222535593', 'Jl.ligar Mayang Permai No.1\r\n', '', '', '', '', '', NULL, NULL, NULL, NULL),
(414, '0010870000347', 'Gabriela Aan', 5, 'Wanita', 'Kuningan', '1976-08-18', '081321298084', 'Komp.kopedi Vno.85\r\n', '', '', '', '', '', NULL, NULL, NULL, NULL),
(415, '0010870000527', 'Jerry F', 11, 'Pria', 'Bandung', '1990-08-26', ' ', 'Jl.merak Ngibing\r\n', '', '', '', '', '', NULL, NULL, NULL, NULL),
(416, '0010870000617', 'Robby Tt Tambunan', 10, 'Pria', 'Gunung Sitoli', '1975-08-01', '-', 'Jln Kelapa Cankir Jkt\r\n', '', '', '', '', '', NULL, NULL, NULL, NULL),
(417, '0010870000528', 'Yovanni Fy Silalahi', 8, 'Wanita', 'Bandung', '1991-02-14', '4203873', 'Jl.lombok No.15\r\n', '', '', '', '', '', NULL, NULL, NULL, NULL),
(418, '0010870000350', 'Marissa Lg', 5, 'Pria', 'Jakarta', '1990-03-22', '-', 'Jl.sangkuriang\r\n', '', '', '', '', '', NULL, NULL, NULL, NULL),
(419, '0010870000618', 'Ivan Daniel P', 4, 'Pria', 'Bontang', '1988-04-16', '-', 'Jln Setra Murni 19\r\n', '', '', '', '', '', NULL, NULL, NULL, NULL),
(420, '0010870000619', 'Venda Luntungan', 10, 'Wanita', 'Bontang', '1994-01-01', '081931313053', 'Jln Setra Murni 19\r\n', '', '', '', '', '', NULL, NULL, NULL, NULL),
(421, '0010870000620', 'Marloni', 10, 'Pria', 'Bontang', '1988-03-16', '-', 'Jln Sari Murni\r\n', '', '', '', '', '', NULL, NULL, NULL, NULL),
(422, '0010870000351', 'Dhita Lg', 11, 'Pria', 'Sukabumi', '1989-06-27', '0856204926', 'Jl.bangbayang No.9\r\n', '', '', '', '', '', NULL, NULL, NULL, NULL),
(423, '0010870000621', 'Adhitya Wisnu Wardana', 4, 'Pria', 'Grobogan', '1978-07-28', '-', 'Jl Terjun Tandom 50 Arcamanik\r\n', '', '', '', '', '', NULL, NULL, NULL, NULL),
(424, '0010870000622', 'Lagio', 1, 'Pria', 'Yogyakarta', '1975-04-12', '081322260412', 'Jl Melati Iii No 58 Rt 02/05\r\n', '', '', '', '', '', NULL, NULL, NULL, NULL),
(425, '0010870000623', 'Arthur Hutagalung', 1, 'Pria', 'Tangerang', '1991-05-04', '-', 'Jl Bangbayang 25 157d\r\n', '', '', '', '', '', NULL, NULL, NULL, NULL),
(426, '0010870000626', 'Robert Gerson', 10, 'Pria', 'Bandung', '1969-09-02', '02271139277', 'Sarijadi \r\n', '05', '', '', '', '', NULL, NULL, NULL, NULL),
(427, '0010870000627', 'Kiky Marsha P', 10, 'Wanita', 'Jakarta', '1991-03-04', '081318125034', 'Jl Walet 3 Blok 1-5 Jakarta\r\n', '', '', '', '', '', NULL, NULL, NULL, NULL),
(428, '0010870000628', 'Rosnita Marbon', 1, 'Wanita', 'Medan', '1968-05-25', '-', 'Jl Maulana Yusuf', '', '', '', '', '', NULL, NULL, NULL, NULL),
(429, '0010870000629', 'Zeus Abdiwijaya', 7, 'Pria', 'Jakarta', '1992-11-01', '08989315235', 'Kencana Loka J5/12a\r\n', '', '', '', '', '', NULL, NULL, NULL, NULL),
(430, '0010870000630', 'Jeffry Laluh', 10, 'Pria', 'Bandung', '1993-05-08', '0224260851', 'Jl Gempol Wetan 4 Rt 04/05\r\n', '', '', '', '', '', NULL, NULL, NULL, NULL),
(431, '0010870000631', 'Rafles', 10, 'Pria', 'Tarutung', '0001-01-01', '08122006795', 'Gpa A8/43a Rt 03/09\r\n', '', '', '', '', '', NULL, NULL, NULL, NULL),
(433, '0010870000633', 'Johanes Riter', 10, 'Pria', 'Dumai', '1993-04-21', '085722344003', 'Jl Antapani I No 24\r\n', '', '', '', '', '', NULL, NULL, NULL, NULL),
(434, '0010870000634', 'Arnold', 4, 'Pria', 'Lhouksemawe', '1973-02-10', '08122132813', 'Jl Riung Arum 21 Rt 01/12\r\n', '', '', '', '', '', NULL, NULL, NULL, NULL),
(435, '0010870000635', 'Edy Hernawan', 10, 'Pria', 'Gunung Kidul', '1981-07-23', '08159763194', 'Sukagalih\r\n', '', '', '', '', '', NULL, NULL, NULL, NULL),
(436, '0010870000636', 'Ruth Dyah As', 7, 'Wanita', 'Semarang', '1988-04-23', '08179273477', 'Jl P Tirtayasa Perumdam Ii Swj 0/6\r\n', '', '', '', '', '', NULL, NULL, NULL, NULL),
(438, '0010870000637', 'Sartika Naibaho', 7, 'Wanita', 'Mogang', '1990-10-01', '082115500097', 'Sadang Serang\r\n', '', '', '', '', '', NULL, NULL, NULL, NULL),
(439, '0010870000638', 'Emidawati Saing', 10, 'Wanita', 'Pulau Harapan', '1981-12-09', '-', 'Jl Leuwi Panjang No 41\r\n', '', '', '', '', '', NULL, NULL, NULL, NULL),
(440, '0010870000247', 'Simon Hutagaol', 11, 'Pria', 'Bogor', '1966-11-25', '-', 'Cimbeleuit 88', '-', '-', '-', '-', '-', NULL, NULL, NULL, NULL),
(441, '0010870000640', 'Roy A.s', 1, 'Pria', 'Jakarta', '1979-05-22', '0226003807', 'Istana Regency 2\r\n', '', '', '', '', '', NULL, NULL, NULL, NULL),
(442, '0010870000248', 'Marudut Aritonang', 2, 'Pria', '-', '1955-02-27', '-', 'Gereja Maulana Yusuf', '-', '-', '-', '-', '-', NULL, NULL, NULL, NULL),
(443, '0010870000641', 'Ncliff Sirnoa Josua', 1, 'Pria', 'Jakarta', '1991-02-20', '-', 'Jl.bagus Regin No.14\r\n', '', '', '', '', '', NULL, NULL, NULL, NULL),
(444, '0010870000252', 'Marshel', 5, 'Wanita', 'Bandung', '1962-07-07', '-', 'Jl. Titiran No. 3/157\r\n', '-', '-', '-', '-', '-', NULL, NULL, NULL, NULL),
(445, '0010870000642', 'Wernel Silta', 10, 'Wanita', 'Medan', '1977-09-25', '-', 'Marga Asih\r\n', '', '', '', '', '', NULL, NULL, NULL, NULL),
(446, '0010870000257', 'Johnner Sitompul', 11, 'Pria', 'Tapanuli Utara', '1963-10-12', '0222500927', 'Jl. Batik Jonas 31\r\n', '-', '-', '--', '-', '-', NULL, NULL, NULL, NULL),
(447, '0010870000268', 'David', 11, 'Pria', 'Bandung', '1963-10-12', '2504385', 'Dago', '-', '-', '-', '-', '-', NULL, NULL, NULL, NULL),
(448, '0010870000275', 'Jupiter Sinaga', 8, 'Pria', 'Medan', '1971-11-11', '7567714', 'Jl  Venus Barat V No 136', '-', '-', '-', '-', '-', NULL, NULL, NULL, NULL),
(449, '00108700012', 'Veine', 11, 'Wanita', 'Minahasa', '1980-04-06', '-', 'Jl Abdul Hamid', '-', '-', '-', '-', '-', NULL, NULL, NULL, NULL),
(455, '0010870001262', 'Benhwr Sibuea', 1, 'Pria', 'Laguboti', '1965-02-27', '-', 'Skm 1 D30/45\r\n', '-', '-', '-', 'Asdasda', '-', NULL, NULL, NULL, NULL),
(457, '0010870001263', 'Stephanie Alice', 11, 'Wanita', 'Jayapura', '1987-01-28', '-', 'Jl Setiabudhi No 3b', '-', '-', '-', '-', '-', NULL, NULL, NULL, NULL),
(459, '0010870001264', 'Alvianto Roeseno', 11, 'Pria', 'Cirebon', '1998-03-22', '-', 'Lemahabang Cirebon', '-', '-', '-', '-', '-', NULL, NULL, NULL, NULL),
(461, '0010870001265', 'Chrisna Peres', 11, 'Pria', 'Jakarta', '1995-02-12', '-', 'Jl Cisitu Ix No 17', '-', '-', '-', '-', '-', NULL, NULL, NULL, NULL),
(462, '0010870001122', 'Marshel Emmanuele T', 10, 'Pria', 'Jakarta', '1996-03-06', '000000000000', 'Pejambon\r\n', '', '', '', '', '', NULL, NULL, NULL, NULL),
(465, '0010870001266', 'Berkat', 11, 'Pria', 'Yogyakarta', '1980-12-05', '-', 'Griya Winaya Iii/i', '-', '-', '-', '-', '-', NULL, NULL, NULL, NULL),
(471, '0010870000352', 'Efraim Leonardo S', 8, 'Pria', 'Sidikalang', '1988-07-30', '081322898731', 'Siliwangi', '', '', '', '', '', NULL, NULL, NULL, NULL),
(472, '0010870000358', 'Maria Termi Yanti', 8, 'Wanita', 'Palembang', '1984-10-22', '085723489425', 'Jl.suksenang\r\n', '', '', '', '', '', NULL, NULL, NULL, NULL),
(473, '0010870000359', 'Irfan Imanuel', 11, 'Pria', 'Jakarta', '1988-12-13', '081382618533', 'Jl.jalak 20\r\n', '', '', '', '', '', NULL, NULL, NULL, NULL),
(474, '0010870000361', 'Erwintown', 8, 'Pria', 'Jakarta', '1966-10-19', '0818209631', 'Kp.bukasanah', '', '', '', '', '', NULL, NULL, NULL, NULL),
(475, '0010870000364', 'Edon L Tobing', 11, 'Pria', 'Balikpapan', '1988-11-04', '081933264654', 'Jatinangor\r\n', '', '', '', '', '', NULL, NULL, NULL, NULL),
(476, '0010870000367', 'Ramses Purba', 8, 'Pria', 'Pekanbaru', '1965-02-18', '022-7233865', 'Jl.ters.pratista Utara I No.22\r\n', '', '', '', '', '', NULL, NULL, NULL, NULL),
(477, '0010870000373', 'Frits Soedira', 2, 'Pria', 'Bandung', '1954-01-20', '70449230', 'Jl. Jurang Gg Adma No. 632/181 Rt 07/05\r\n', '', '', '', '', '', NULL, NULL, NULL, NULL),
(478, '0010870000374', 'Jennifer Amelia', 5, 'Wanita', 'Jakarta', '1989-01-05', '081315930406', 'Jl. Ranca Bentang No. 3\r\n', '', '', '', '', '', NULL, NULL, NULL, NULL),
(479, '0010870000382', 'Tony Hartanto', 8, 'Pria', '', '1988-07-09', '-', 'Jl Tirtayasa 47\r\n', '', '', '', '', '', NULL, NULL, NULL, NULL),
(480, '0010870000389', 'Junjungan Sp', 11, 'Pria', 'Rumbai', '1982-06-23', '91331380', 'Jl. Ir. H. Djuanda No. 318\r\n', '', '', '', '', '', NULL, NULL, NULL, NULL),
(481, '0010870000392', 'Bintang Widagdo', 8, 'Pria', 'Jakarta', '1988-12-21', '-', 'Taman Kopo Indah\r\n', '', '', '', '', '', NULL, NULL, NULL, NULL),
(482, '0010870000393', 'Santi Krista', 2, 'Wanita', 'Bandung', '1974-06-09', '7100058', 'Jl. Sukapada I No.186a/130a Rt 03/15. Hp: 085294560655\r\n', '', '', '', '', '', NULL, NULL, NULL, NULL),
(483, '0010870001123', 'Indri Iryanti', 7, 'Wanita', 'Kuningan', '1992-09-05', '-', 'Dsn Pahing Luragung\r\n', '', '', '', '', '', NULL, NULL, NULL, NULL),
(484, '0010870000394', 'Agi Lukas', 2, 'Pria', '', '1965-03-14', '92020419', 'Jl. Mukla O. 45\r\n', '', '', '', '', '', NULL, NULL, NULL, NULL),
(485, '0010870001124', 'Edward Hutarey', 10, 'Pria', 'Manokwari', '1987-09-11', '-', 'Tubagus 8 No 28\r\n', '', '', '', '', '', NULL, NULL, NULL, NULL),
(486, '0010870000396', 'David Saud Parulian', 11, 'Pria', 'Bandung', '1990-10-26', '70494553', 'Jl. Kalijati Ii No.39\r\n', '', '', '', '', '', NULL, NULL, NULL, NULL),
(487, '0010870001126', 'Francy C Latuheru', 10, 'Wanita', 'Sorong', '1991-09-12', '-', 'Komp Citra Antapani\r\n', '', '', '', '', '', NULL, NULL, NULL, NULL),
(488, '0010870000398', 'Eko Jatmiko Utomo', 8, 'Pria', 'Klaten', '1973-03-30', '081320301736', 'Giri Mekar C23\r\n', '', '', '', '', '', NULL, NULL, NULL, NULL),
(489, '0010870001127', 'Marita Rani', 10, 'Wanita', 'Bandung', '1993-07-26', '-', 'Sarijadi Sukawarna\r\n', '', '', '', '', '', NULL, NULL, NULL, NULL),
(490, '0010870001128', 'Irwin Panjaitan', 10, 'Pria', 'Merauke', '1989-02-28', '-', 'Jl Siliwangi Gandok Hegarmanah\r\n', '', '', '', '', '', NULL, NULL, NULL, NULL),
(491, '0010870000399', 'Frankie Fc Tupan', 2, 'Pria', 'Dumai', '1978-02-03', '08179225092', 'Cimareme Indah B3/6\r\n', '', '', '', '', '', NULL, NULL, NULL, NULL),
(492, '0010870001130', 'Astari Carolina', 1, 'Wanita', 'Jakarta', '1993-04-12', '-', 'Bagus Ranginn Lebak Gede\r\n', '', '', '', '', '', NULL, NULL, NULL, NULL),
(493, '0010870000417', 'Mira Angelina Gunawan', 8, 'Wanita', 'Surabaya', '1988-11-16', '085722216089', 'Jl Lmu Nurtanio No 115', '005', '002', 'Dungus Cariang', 'Andir', '40183', NULL, NULL, NULL, NULL),
(494, '0010870000418', 'Erwin', 8, 'Pria', 'Bandung', '1974-07-24', '-', 'Jl. Cisitu Lama\r\n', '', '', '', '', '', NULL, NULL, NULL, NULL),
(495, '0010870001131', 'Rowland Asfales', 10, 'Pria', 'Banyuwangi', '1991-07-18', '-', 'Mayor Supono I Tukang Kayu\r\n', '', '', '', '', '', NULL, NULL, NULL, NULL),
(496, '0010870000419', 'Tunggul Simanjuntak', 8, 'Pria', 'Jambi', '1963-01-05', '-', 'Tki 3 E9-2a\r\n', '', '', '', '', '', NULL, NULL, NULL, NULL),
(497, '0010870001132', 'Evi Noperlina', 4, 'Wanita', 'Bandung', '1963-11-10', '-', 'Dago 361\r\n', '', '', '', '', '', NULL, NULL, NULL, NULL),
(498, '0010870000426', 'Paula Amelia Hs', 2, 'Wanita', 'Kupang', '1974-05-04', '2008542', 'Ji.sarimanah Blok Vii/b2\r\n', '', '', '', '', '', NULL, NULL, NULL, NULL),
(499, '0010870000427', 'Seno R', 8, 'Pria', 'Bandung', '1971-10-27', '6007231', 'Ji.maleber Barat Gg Sayunai I/8\r\n', '', '', '', '', '', NULL, NULL, NULL, NULL),
(500, '0010870001133', 'Jopie S', 1, 'Pria', 'Jakarta', '1964-08-08', '-', 'Taman Sari\r\n', '', '', '', '', '', NULL, NULL, NULL, NULL),
(501, '0010870000429', 'Rusmita Marbun', 2, 'Wanita', 'Medan', '1968-05-25', '7210940', 'Murba Ii/26\r\n', '', '', '', '', '', NULL, NULL, NULL, NULL),
(502, '0010870001135', 'April Karsten', 1, 'Wanita', 'Jakarta', '1991-04-02', '-', 'Setiabudi 145b Bandung\r\n', '', '', '', '', '', NULL, NULL, NULL, NULL),
(503, '0010870001137', 'Chatrina Andriani', 10, 'Wanita', 'Jakarta', '1978-02-06', '-', 'Setiabudhi 119b\r\n', '', '', '', '', '', NULL, NULL, NULL, NULL),
(504, '0010870001138', 'Eric', 10, 'Pria', 'Bandung', '1986-11-16', '-', 'Jl Paccar 9 Samoja Batununggal\r\n', '', '', '', '', '', NULL, NULL, NULL, NULL),
(505, '0010870001139', 'Douglas Alfrido', 1, 'Pria', 'Bandung', '1990-04-23', '-', 'Suka Asri\r\n', '', '', '', '', '', NULL, NULL, NULL, NULL),
(506, '0010870001140', 'Maruli Sibarani', 7, 'Pria', 'Medan', '1992-08-09', '-', 'Jl Teuku Angkasa No 3\r\n', '', '', '', '', '', NULL, NULL, NULL, NULL),
(507, '0010870001141', 'Dianti', 10, 'Wanita', 'Jambi', '1969-02-01', '-', 'Birah Ii Rawabarat Kebayoran Baru\r\n', '', '', '', '', '', NULL, NULL, NULL, NULL),
(508, '0010870001142', 'Winda Evans', 7, 'Wanita', 'Jakarta', '1992-08-03', '-', 'Jl Bira Ii No 4 Rawabarat Kebayoran Baru', '', '', '', '', '', NULL, NULL, NULL, NULL),
(509, '0010870001143', 'Martin Parlinggoman', 10, 'Pria', 'Jakarta', '1994-10-18', '-', 'Jl Birah 2 No 4\r\n', '', '', '', '', '', NULL, NULL, NULL, NULL),
(510, '0010870001144', 'Putut Chris H', 1, 'Pria', 'Palembang', '1980-09-01', '-', 'Jl Jt Handap\r\n', '', '', '', '', '', NULL, NULL, NULL, NULL),
(511, '0010870001145', 'Theresia Hasibuan', 1, 'Wanita', 'Medan', '1990-05-17', '-', 'Jl Dederuk 3 Sadang Serang Coblong\r\n', '', '', '', '', '', NULL, NULL, NULL, NULL),
(512, '0010870001146', 'Andrian Rangga D', 1, 'Pria', 'Situbondo', '1993-06-26', '-', 'Jl Kelapa Sawit 106 Pisang Candi\r\n', '', '', '', '', '', NULL, NULL, NULL, NULL),
(513, '0010870001147', 'Monica Naibaho', 10, 'Wanita', 'Bandung', '1987-08-01', '-', 'Tangerang Cikokol\r\n', '', '', '', '', '', NULL, NULL, NULL, NULL),
(514, '0010870001148', 'Aridoan Simanjuntak', 10, 'Pria', 'Serang', '1980-08-23', '-', 'Jl Jalaprang G No 26\r\n', '', '', '', '', '', NULL, NULL, NULL, NULL),
(515, '0010870001149', 'Marlina Pongbanaa', 10, 'Wanita', 'Jayapura', '1990-03-12', '-', 'Jl Terusan Panyileukan\r\n', '', '', '', '', '', NULL, NULL, NULL, NULL),
(516, '0010870001150', 'Marihot Ps', 1, 'Pria', 'Merauke', '1990-06-13', '-', 'Jl Polden Dalam Merauke\r\n', '', '', '', '', '', NULL, NULL, NULL, NULL),
(517, '0010870001151', 'Bios Lariwa Alias Suhandri', 1, 'Pria', 'Talaud', '1986-09-14', '-', 'Jl Aceh No 155\r\n', '', '', '', '', '', NULL, NULL, NULL, NULL),
(518, '0010870001152', 'Anggriani Setiawan Novi', 10, 'Wanita', 'Jakarta', '1994-11-30', '-', 'Jl Rasamala Permai Iii Cengkareng\r\n', '', '', '', '', '', NULL, NULL, NULL, NULL),
(519, '0010870001153', 'Bobby Arlan', 1, 'Pria', 'Makasar', '1993-10-31', '-', 'Jl Cakalang Ujung Tanah\r\n', '', '', '', '', '', NULL, NULL, NULL, NULL),
(520, '0010870001154', 'Anya', 1, 'Wanita', 'Medan', '1987-02-09', '-', 'Jl Bbk Ciamis No 75\r\n', '', '', '', '', '', NULL, NULL, NULL, NULL),
(521, '0010870001155', 'Yovian', 10, 'Wanita', 'Wawondula', '1988-11-10', '-', 'Kpad Gatot 1 No 44\r\n', '', '', '', '', '', NULL, NULL, NULL, NULL),
(522, '0010870001156', 'Ari Aprianus', 1, 'Pria', 'Pontianak', '1996-04-26', '-', 'Sarijadi\r\n', '', '', '', '', '', NULL, NULL, NULL, NULL),
(523, '0010870001157', 'Bona P S', 7, 'Pria', 'Sel Manau', '1993-06-23', '-', 'Lrg Bersama\r\n', '', '', '', '', '', NULL, NULL, NULL, NULL),
(524, '0010870001158', 'Yuniati', 10, 'Wanita', 'Jakarta', '1986-06-29', '081932237174', 'Jl.riung Indah\r\n', '', '', '', '', '', NULL, NULL, NULL, NULL),
(525, '0010870001004', 'Adi', 11, 'Pria', '', '1991-10-12', '-', 'Komp.antapani Mas\r\n', '', '', '', '', '', NULL, NULL, NULL, NULL),
(526, '0010870001048', 'Alfian Gandhi', 8, 'Pria', 'Tanjungsari', '1968-04-04', '-', 'Gg Arisantir 192 C Cimahi Utara\r\n', '', '', '', '', '', NULL, NULL, NULL, NULL),
(527, '0010870001022', 'Amelia Eka Shinta', 8, 'Wanita', 'Wonosobo', '1992-01-11', '08564042403', 'Jl Ciumbuleuit\r\n', '', '', '', '', '', NULL, NULL, NULL, NULL),
(528, '0010870001037', 'Andreas A', 8, 'Pria', 'Yogya', '1993-01-31', '-', 'Pelesiran 19\r\n', '', '', '', '', '', NULL, NULL, NULL, NULL),
(529, '0010870001000', 'Artha Sihombing', 8, 'Pria', 'Tenggarong', '1993-01-25', '-', 'Jl.sukamantri 1\r\n', '', '', '', '', '', NULL, NULL, NULL, NULL),
(530, '0010870001039', 'Ba Silitonga', 8, 'Wanita', 'Bengkulu', '1992-01-27', '-', 'Patrakomala 44\r\n', '', '', '', '', '', NULL, NULL, NULL, NULL),
(531, '0010870001019', 'Batoro Aji', 2, 'Wanita', 'Bandung', '1995-07-22', '-', 'Sekeloa Selatan\r\n', '', '', '', '', '', NULL, NULL, NULL, NULL),
(532, '0010870001041', 'Berka C', 2, 'Pria', 'Medan', '1992-06-22', '-', 'Griya Winaya G Iii/1\r\n', '', '', '', '', '', NULL, NULL, NULL, NULL),
(533, '0010870001046', 'Canis A Nussy', 8, 'Wanita', 'Bandung', '1968-01-21', '-', 'Jl Cisebe\r\n', '', '', '', '', '', NULL, NULL, NULL, NULL),
(534, '0010870001029', 'Christianto Raharjo P', 11, 'Pria', 'Manado', '1977-05-16', '08121441623', 'Depok Sawangan\r\n', '', '', '', '', '', NULL, NULL, NULL, NULL),
(535, '0010870001052', 'David Sibarani', 11, 'Pria', 'Kalabahi', '1993-09-17', '-', 'Babakan Jeruk Iiie Sukagalih Sarijadi\r\n', '', '', '', '', '', NULL, NULL, NULL, NULL),
(536, '0010870001025', 'Dea Junita', 8, 'Wanita', 'Belawan', '1972-04-19', '-', 'Komp Dosen Itb\r\n', '', '', '', '', '', NULL, NULL, NULL, NULL),
(537, '0010870001008', 'Debby Hippy Abidin', 8, 'Pria', '-', '1966-04-18', '-', 'Jl Ciliman No.16\r\n', '', '', '', '', '', NULL, NULL, NULL, NULL),
(538, '0010870000994', 'Debora Ivcyana', 11, 'Wanita', 'Medan', '1993-11-23', '-', 'Bagusranji\r\n', '', '', '', '', '', NULL, NULL, NULL, NULL),
(539, '0010870001056', 'Devi Andrayani', 8, 'Wanita', 'Solo', '1975-10-09', '-', 'Trusan Babakan I No 24 Sukajadi\r\n', '', '', '', '', '', NULL, NULL, NULL, NULL),
(540, '0010870000992', 'Dewi N', 8, 'Pria', 'Jakarta', '1971-08-15', '-', 'Majalaya\r\n', '', '', '', '', '', NULL, NULL, NULL, NULL),
(541, '0010870001009', 'Dorota Meilantika', 2, 'Wanita', 'Bandung', '1991-05-21', '-', 'Derwati', '', '', '', '', '', NULL, NULL, NULL, NULL),
(542, '0010870000997', 'Ega', 5, 'Wanita', '-', '1972-03-23', '-', 'Jl.ligar Raya No,57\r\n', '', '', '', '', '', NULL, NULL, NULL, NULL),
(543, '0010870001053', 'Elric Malelak', 8, 'Wanita', '-', '1992-03-24', '-', 'Jl Sukajadi Gg Asli 306\r\n', '', '', '', '', '', NULL, NULL, NULL, NULL),
(544, '0010870001027', 'Ester Winarni', 11, 'Pria', 'Bandung', '1988-01-29', '081220626412', 'Jl Dr Sudarsono 34\r\n', '', '', '', '', '', NULL, NULL, NULL, NULL),
(545, '0010870001005', 'Evie Sitamala', 11, 'Wanita', 'Banyumas', '1986-10-06', '-', 'Blitar\r\n', '', '', '', '', '', NULL, NULL, NULL, NULL),
(546, '0010870001015', 'Gawat Ginanjar', 11, 'Wanita', 'Ambon', '1985-10-17', '-', 'Sokaraja Wetan\r\n', '', '', '', '', '', NULL, NULL, NULL, NULL),
(547, '0010870001054', 'Gerry C', 8, 'Pria', 'Jakarta', '1972-06-17', '-', 'Komp Ipb Ii Blok A3\r\n', '', '', '', '', '', NULL, NULL, NULL, NULL),
(548, '0010870001030', 'Gunawan Hadi Lim', 11, 'Wanita', 'Bandung', '1982-10-11', '-', 'Permata Tangerang\r\n', '', '', '', '', '', NULL, NULL, NULL, NULL),
(549, '0010870000643', 'Diah Nila P', 11, 'Pria', 'Ambarawa', '1973-10-27', '000', 'Pharmindo B6 No.4\r\n', '', '', '', '', '', NULL, NULL, NULL, NULL),
(550, '0010870001055', 'Henrietta D T', 11, 'Wanita', 'Bogor', '1995-07-26', '-', 'Jl Damar Rt 04 Rw 01 Pasteur\r\n', '', '', '', '', '', NULL, NULL, NULL, NULL),
(551, '0010870001002', 'Hiskia Frans Lander', 8, 'Pria', 'Toraja', '1993-07-13', '-', 'Dago Pojok\r\n', '', '', '', '', '', NULL, NULL, NULL, NULL),
(552, '0010870001012', 'Iman Sihombing', 8, 'Wanita', 'Medan', '1959-04-23', '081322113144', 'Grj Maulana Yusuf\r\n', '', '', '', '', '', NULL, NULL, NULL, NULL),
(553, '0010870000645', 'Astrid Krisanti', 11, 'Wanita', 'Jakarta', '1988-11-24', '000', 'Jl.setiabudi No.130\r\n', '', '', '', '', '', NULL, NULL, NULL, NULL),
(554, '0010870001013', 'Indra', 5, 'Pria', 'Cirebon', '1989-04-29', '081323337052', 'Taman Sari 258/58\r\n', '', '', '', '', '', NULL, NULL, NULL, NULL),
(555, '0010870001007', 'Jal T', 11, 'Pria', 'Balikpapan', '1993-09-23', '-', 'Komp.tki Ii Zaz\r\n', '', '', '', '', '', NULL, NULL, NULL, NULL),
(556, '0010870001038', 'Jodi Christian', 11, 'Wanita', '-', '1977-10-12', '-', 'Jl Setra Indah 1 No 114\r\n', '', '', '', '', '', NULL, NULL, NULL, NULL),
(557, '0010870001032', 'Johan C Siregar', 8, 'Pria', 'Jakarta', '1993-12-29', '-', 'Moh Toha\r\n', '', '', '', '', '', NULL, NULL, NULL, NULL),
(558, '0010870001020', 'Junita Todingan', 11, 'Wanita', 'Bandung', '1988-10-04', '-', 'Kubangsari,coblong\r\n', '', '', '', '', '', NULL, NULL, NULL, NULL),
(559, '0010870001050', 'Kartika', 2, 'Pria', 'Kenbumen', '1969-01-12', '-', 'Jl Gempol Kulon 59\r\n', '', '', '', '', '', NULL, NULL, NULL, NULL),
(560, '0010870001016', 'Kevin Pier', 2, 'Wanita', 'Luwu', '1986-04-22', '0226644385', 'Sulaiman, Margahayu\r\n', '', '', '', '', '', NULL, NULL, NULL, NULL),
(561, '0010870001042', 'Liliek Maryana', 2, 'Wanita', 'Jakarta', '1990-05-29', '-', 'Jl Mars Barat Vi No 1\r\n', '', '', '', '', '', NULL, NULL, NULL, NULL),
(562, '0010870001023', 'Lucy Santa Bonita', 8, 'Wanita', 'Toboali', '1987-02-26', '-', 'Setiabudhi 183\r\n', '', '', '', '', '', NULL, NULL, NULL, NULL),
(563, '0010870001001', 'Meisy Seanny W', 11, 'Wanita', 'Ambon', '1986-05-15', '-', 'Jl.kebon Manggu 120\r\n', '', '', '', '', '', NULL, NULL, NULL, NULL),
(568, '0010870001161', 'Evan Aristol', 10, 'Pria', 'Jambi', '1986-06-16', '-', 'Jl,cipaku No 14\r\n', '', '', '', '', '', NULL, NULL, NULL, NULL),
(569, '0010870001162', 'Josua Sofar A', 7, 'Pria', 'Bandung', '1987-09-22', '-', 'Sarijadi 18 / 156\r\n', '', '', '', '', '', NULL, NULL, NULL, NULL),
(570, '0010870001060', 'Frida Sibarani', 11, 'Wanita', 'Jakarta', '1966-08-26', '-', 'Villa Galaxi 95 Ii\r\n', '-', '-', '-', '-', '', NULL, NULL, NULL, NULL),
(571, '0010870001163', 'Tino M Loupatty', 1, 'Pria', 'Cirebon', '1979-05-13', '-', 'Jakarta', '', '', '', '', '', NULL, NULL, NULL, NULL),
(573, '0010870001062', 'Nadya Integralia', 11, 'Wanita', 'Bandung', '1997-01-01', ' ', 'Jl Gardena Kencana No 1\r\n', '', '', '', '', '', NULL, NULL, NULL, NULL),
(574, '0010870001164', 'Albert Ferdinand', 1, 'Pria', 'Bandung', '1985-01-01', '-', 'Jl.kaktus Xiii No 10\r\n', '', '', '', '', '', NULL, NULL, NULL, NULL),
(576, '0010870001165', 'Sukiman Silitonga', 10, 'Pria', 'Bandung', '1955-12-17', '-', 'Jl.kaktus Xiii No 10\r\n', '', '', '', '', '', NULL, NULL, NULL, NULL),
(578, '0010870001063', 'Wilem Shada', 2, 'Pria', 'Bandung', '1967-06-27', ' ', 'Jl Blitar 12\r\n', '', '', '', '', '', NULL, NULL, NULL, NULL),
(579, '0010870001167', 'Chan Chen', 7, 'Pria', 'Bandung', '1987-03-10', '-', 'Jl.cibogo\r\n', '', '', '', '', '', NULL, NULL, NULL, NULL),
(580, '0010870001064', 'Erick Endrawan', 5, 'Pria', 'Banda Aceh', '1988-05-04', ' ', 'Tubagus Ismail 8\r\n', '', '', '', '', '', NULL, NULL, NULL, NULL),
(581, '0010870001065', 'Daniel Christopher', 2, 'Pria', 'Waltham', '1991-02-04', ' ', 'Jl Imam Bonjol 43\r\n', '', '', '', '', '', NULL, NULL, NULL, NULL),
(582, '0010870001168', 'Setiawati L T', 10, 'Wanita', 'Patas 1', '1991-08-03', '08214031162', 'Jl.haur Mekar No D . 1  A\r\n', '', '', '', '', '', NULL, NULL, NULL, NULL),
(583, '0010870001066', 'Pamela Mariana', 11, 'Wanita', 'Jakarta', '1992-10-02', ' ', 'Jl Titimplik Dalam No 30 Coblong\r\n', '', '', '', '', '', NULL, NULL, NULL, NULL),
(584, '0010870001067', 'Elisabeth Panggabean', 8, 'Wanita', 'Medan', '1993-05-29', ' ', 'Jl Karya Pembangunan 86 Polonia\r\n', '', '', '', '', '', NULL, NULL, NULL, NULL),
(585, '0010870001170', 'Nelson', 7, 'Pria', 'Hutanamora', '1990-11-13', '-', 'Ciumbuleuit\r\n', '', '', '', '', '', NULL, NULL, NULL, NULL),
(586, '0010870001068', 'Anggita R N', 5, 'Wanita', 'Merauke', '1992-09-25', ' ', 'Sukabirus Dyhkolot\r\n', '', '', '', '', '', NULL, NULL, NULL, NULL),
(587, '0010870001173', 'Yahya Sukadi', 1, 'Pria', 'Purworejo', '1968-08-15', '-', 'Jl.garu 9 No 4\r\n', '', '', '', '', '', NULL, NULL, NULL, NULL),
(588, '0010870001069', 'Rini Apriyanti Purba', 2, 'Wanita', 'Jakarta', '1992-04-16', ' ', 'Komp Depenla Blok C No2\r\n', '', '', '', '', '', NULL, NULL, NULL, NULL),
(589, '0010870001070', 'Ricky Triwanda Ps', 8, 'Pria', 'Padang Panjang', '1992-11-04', ' ', 'Padang Panjang Barat\r\n', '', '', '', '', '', NULL, NULL, NULL, NULL),
(590, '0010870001178', 'Asina Maida', 10, 'Wanita', 'Tarutung', '1988-08-31', '-', 'Citamiang No 66\r\n', '', '', '', '', '', NULL, NULL, NULL, NULL),
(591, '0010870001071', 'Abednego S N', 11, 'Pria', 'Perum Permata', '1996-04-07', ' ', 'Perum Permata Karang Tengah Kab Cianjur\r\n', '', '', '', '', '', NULL, NULL, NULL, NULL),
(592, '0010870001180', 'Roy Trisandy', 10, 'Pria', 'Medan', '1986-11-09', '-', 'Jl.sari Rasa Blok V No 57\r\n', '', '', '', '', '', NULL, NULL, NULL, NULL),
(593, '0010870001072', 'Monalisa', 2, 'Wanita', 'P Siantar', '1988-07-29', ' ', 'Turangga Blok D 25\r\n', '', '', '', '', '', NULL, NULL, NULL, NULL),
(594, '0010870001182', 'Hot Parulian', 7, 'Pria', 'Duri', '1983-04-07', '-', 'Jl.cukang Kawung\r\n', '', '', '', '', '', NULL, NULL, NULL, NULL),
(595, '0010870001073', 'Pantas H Nababan', 8, 'Pria', 'Simukkus', '1991-12-08', ' ', 'Sukabirus 15\r\n', '', '', '', '', '', NULL, NULL, NULL, NULL),
(596, '0010870001184', 'Christian Ihotasi', 7, 'Pria', 'Pearaja Tarutung', '1998-11-23', '-', 'Jl.menteng Vii Gg Swasembada\r\n', '', '', '', '', '', NULL, NULL, NULL, NULL),
(597, '0010870001074', 'Michael Pasaribu', 8, 'Pria', 'Bandung', '1996-02-10', ' ', 'Jl.bagusrangin No.5/50\r\n', '', '', '', '', '', NULL, NULL, NULL, NULL),
(598, '0010870001075', 'Yuko Milansye', 2, 'Wanita', 'Bandung', '1983-03-21', ' ', 'Jl.suka Asih Atas Ii No.12\r\n', '', '', '', '', '', NULL, NULL, NULL, NULL),
(599, '0010870001185', 'Alfreo Elkaha', 1, 'Pria', 'Jakarta', '1993-07-15', '-', 'Jl.tebet Dalam I H/3\r\n', '', '', '', '', '', NULL, NULL, NULL, NULL),
(600, '0010870001076', 'Juan Josua V', 2, 'Pria', 'Jakarta', '1992-01-16', '085710434084', 'Jl.manunggal Xvii\r\n', '', '', '', '', '', NULL, NULL, NULL, NULL),
(601, '0010870001186', 'Heiman Makandolu', 7, 'Pria', 'Kupang', '1966-04-28', '-', 'Gg Masjid Darussalam No 23\r\n', '', '', '', '', '', NULL, NULL, NULL, NULL),
(602, '0010870001077', 'Hepytisa Renaldo N', 2, 'Pria', 'Solok', '1994-08-10', '085278049941', 'Gki Maulana Yusuf\r\n', '', '', '', '', '', NULL, NULL, NULL, NULL),
(603, '0010870001188', 'Esti Nugraheni', 7, 'Wanita', 'Bandung', '1968-05-31', '-', 'Cisaranten Kulon\r\n', '', '', '', '', '', NULL, NULL, NULL, NULL),
(604, '0010870001078', 'Indra Sambira', 8, 'Pria', 'Kal-tim', '1989-05-27', ' ', 'Jl.sukarajin Iii No.10\r\n', '', '', '', '', '', NULL, NULL, NULL, NULL),
(605, '0010870001189', 'Immanuel Andri', 7, 'Pria', 'Bandung', '1980-09-03', '-', 'Griya Alam Sentosa\r\n', '', '', '', '', '', NULL, NULL, NULL, NULL),
(606, '0010870001079', 'Iman Taufiq', 11, 'Pria', 'Cirebon', '1988-07-06', '083821871763', 'Jl.phh.mustofa No.10\r\n', '', '', '', '', '', NULL, NULL, NULL, NULL),
(607, '0010870001080', 'Tani F Katrin', 11, 'Wanita', 'Bandung', '1990-04-18', '085721437722', 'Jl.palem Raja I\r\n', '', '', '', '', '', NULL, NULL, NULL, NULL),
(608, '0010870001081', 'Erwin', 8, 'Pria', 'Bandung', '1982-06-24', ' ', 'Jl.karang Asem No. 12 Antapani\r\n', '', '', '', '', '', NULL, NULL, NULL, NULL),
(609, '0010870000646', 'Baya Indrayana', 11, 'Pria', 'Denpasar', '1992-11-19', '000', 'Jln. Sangkuriang', '', '', '', '', '', NULL, NULL, NULL, NULL),
(610, '0010870001082', 'Henny Rouly', 8, 'Wanita', 'Bandung', '1986-04-01', '085722518543', 'Jl.karang Asem No.12\r\n', '', '', '', '', '', NULL, NULL, NULL, NULL),
(611, '0010870001083', 'B Richard Tampubolon', 11, 'Pria', 'Bandar Pasir Mandoge', '1990-05-08', '082121514831', 'Jl. Ciherang Timur 2 B.11 / 9', '002', '009', 'Simpangan', 'Cikarang Utara', '', NULL, NULL, NULL, NULL),
(612, '0010870001084', 'Endar Tri Tw', 2, 'Pria', 'Cilegon', '1982-05-10', '081918869964', 'Villa Sutra Indah Jatihandap\r\n', '', '', '', '', '', NULL, NULL, NULL, NULL),
(613, '0010870000647', 'Patar Sitorus', 8, 'Pria', 'Kebon Jahe', '1976-01-09', '081386169797', 'Asr.sesko Ad\r\n', '', '', '', '', '', NULL, NULL, NULL, NULL),
(614, '0010870001031', 'Mielfred Titehena', 8, 'Wanita', 'Batam', '1991-03-06', '-', 'Jl Sumarsena\r\n', '', '', '', '', '', NULL, NULL, NULL, NULL),
(615, '0010870001085', 'Marco Antonio Sembiring', 8, 'Pria', 'Jakarta', '1990-09-15', '081296067771', 'Jl.tapas Blok D2 No.27 Duren Sawit\r\n', '', '', '', '', '', NULL, NULL, NULL, NULL),
(616, '0010870001017', 'Norama Hy', 11, 'Wanita', 'Tipang', '1955-11-17', '081352455892', 'Cijotang Mandiri\r\n', '', '', '', '', '', NULL, NULL, NULL, NULL),
(617, '0010870001086', 'Nawangwulan', 8, 'Wanita', 'Surakarta', '1992-01-02', '082126978541', 'Jl.asoka Iii B-27\r\n', '', '', '', '', '', NULL, NULL, NULL, NULL),
(618, '0010870001087', 'Hardi Wijaya', 2, 'Pria', 'Jakarta', '1994-05-30', ' ', 'Jl.jagakarsa Raya No.17a\r\n', '', '', '', '', '', NULL, NULL, NULL, NULL),
(619, '0010870001044', 'Pondang', 8, 'Pria', 'Palu', '1990-12-30', '081320341440', 'Malangbong Antapani\r\n', '', '', '', '', '', NULL, NULL, NULL, NULL),
(620, '0010870001035', 'Putri Hutabarat', 11, 'Pria', 'Palembang', '1977-10-12', '-', 'Jl Picung 38\r\n', '', '', '', '', '', NULL, NULL, NULL, NULL),
(621, '0010870001088', 'Denisha Betaci', 2, 'Wanita', 'Ujung Pandang', '1990-09-22', '081287376505', 'Komp.bea Cukai Q5/16 Rt 014/007\r\n', '', '', '', '', '', NULL, NULL, NULL, NULL),
(622, '0010870001028', 'Refly Tatuhas', 2, 'Pria', 'P Siantar', '1991-01-06', '-', 'Jl Flamboyan Cibabat Cimahi\r\n', '', '', '', '', '', NULL, NULL, NULL, NULL),
(623, '0010870001089', 'Yopi Angi', 11, 'Wanita', 'Makale', '1988-07-02', ' ', 'Jl.kidang Pananjung\r\n', '', '', '', '', '', NULL, NULL, NULL, NULL),
(625, '0010870001058', 'Resi Gunawan', 11, 'Wanita', 'Bogor', '1960-08-12', '-', 'Jl Pisces No 3 Gemuruh Batununggal\r\n', '', '', '', '', '', NULL, NULL, NULL, NULL),
(626, '0010870001090', 'Junesty A', 8, 'Wanita', 'Jakarta', '1992-06-20', '089658466364', 'Komp.bea Cukai Q5/16\r\n', '', '', '', '', '', NULL, NULL, NULL, NULL),
(627, '0010870001091', 'Reinhat H', 8, 'Pria', 'Jakarta', '1992-11-16', ' ', 'Jl.cisitu Indah No.9\r\n', '', '', '', '', '', NULL, NULL, NULL, NULL),
(628, '0010870000998', 'Ribka Yuni A', 8, 'Wanita', 'Kupang', '1977-08-10', '085290900888', 'Jatinangor\r\n', '', '', '', '', '', NULL, NULL, NULL, NULL),
(630, '0010870001036', 'Ridwan', 11, 'Wanita', 'Yogyakarta', '1980-12-05', '-', 'Jl Cikutra Baru I\r\n', '', '', '', '', '', NULL, NULL, NULL, NULL),
(632, '0010870001024', 'Ridwan L Tobing', 8, 'Pria', 'Yogyakarta', '1958-11-11', '0', 'Depok 2\r\n', '', '', '', '', '', NULL, NULL, NULL, NULL),
(633, '0010870001059', 'Rikky Yosua', 11, 'Wanita', 'Sibolga', '1980-04-08', '081322656454', 'Jl Pondok Sari Raya No 12\r\n', '', '', '', '', '', NULL, NULL, NULL, NULL),
(634, '0010870000991', 'Rimma Octavia Nabdjah', 2, 'Wanita', 'Jakarta', '1976-02-16', '-', 'Gringsing 10\r\n', '', '', '', '', '', NULL, NULL, NULL, NULL),
(635, '0010870001051', 'Rio Priandri N', 11, 'Pria', 'Manado', '1973-09-10', '-', 'Jl Pelesiran 28 Coblong\r\n', '', '', '', '', '', NULL, NULL, NULL, NULL),
(637, '0010870001092', 'George A', 11, 'Pria', '', '1973-09-20', '082130030900', 'Jl.banda No.2\r\n', '', '', '', '', '', NULL, NULL, NULL, NULL),
(638, '0010870001057', 'Rioslan Immanuel Siregar', 11, 'Wanita', 'Sorong', '1995-12-29', '-', 'Jl Tubagus Ismail I No 24\r\n', '', '', '', '', '', NULL, NULL, NULL, NULL),
(639, '0010870001040', 'Robinson Wadu', 8, 'Pria', 'Bandung', '1961-03-25', '085624302561', 'Sekeloa Selatan I 28\r\n', '', '', '', '', '', NULL, NULL, NULL, NULL),
(640, '0010870001269', 'Iranita Saragih', 5, 'Wanita', 'Medan', '1974-04-11', '-', 'Jl Kadipaten 9 No 8', '-', '-', '-', '-', '-', NULL, NULL, NULL, NULL),
(641, '0010870001093', 'Rowson T', 11, 'Pria', '', '1990-07-06', '085299829765', 'Jl.wira Angun-angun\r\n', '', '', '', '', '', NULL, NULL, NULL, NULL),
(642, '0010870000999', 'Ronald Hutabarat', 8, 'Wanita', 'Bandung', '1986-01-21', '=', 'Pd Hijau\r\n', '', '', '', '', '', NULL, NULL, NULL, NULL),
(643, '0010870001094', 'Mayhard', 11, 'Pria', 'Jakarta', '1990-10-06', '082126003669', 'Jl.kaca Jendela No.9 Pancoran\r\n', '', '', '', '', '', NULL, NULL, NULL, NULL),
(644, '0010870001095', 'Espren Sitorus', 11, 'Pria', '', '1992-01-05', '082121744675', 'Jl.titimplik Dalam\r\n', '', '', '', '', '', NULL, NULL, NULL, NULL),
(645, '0010870001045', 'Sesilia Anita Wanget', 11, 'Wanita', 'Cilacap', '1991-03-03', '-', 'Jl Banda No 2\r\n', '', '', '', '', '', NULL, NULL, NULL, NULL),
(646, '0010870001096', 'Hannah Me Aruan', 8, 'Wanita', '', '1993-03-17', '087881108191', 'Puspita Loa Aa-27 Serpong\r\n', '', '', '', '', '', NULL, NULL, NULL, NULL),
(647, '0010870000995', 'Sintya Kartika S', 2, 'Wanita', 'Palembang', '1984-02-13', '-', 'Jl.bojong Soang Pbb No116\r\n', '', '', '', '', '', NULL, NULL, NULL, NULL),
(648, '0010870001270', 'Sari Chintya', 11, 'Wanita', 'Jakarta', '1992-05-16', '080000121321', 'Jl Tikukur Dalam No 16 C', '001', '001', 'Asdwafj', 'Asggag', '12301', NULL, NULL, NULL, NULL),
(649, '0010870001097', 'Michael Roberto G', 11, 'Pria', 'Palu', '1994-07-15', '081244102340', 'Jl.cibogo No.24\r\n', '', '', '', '', '', NULL, NULL, NULL, NULL),
(650, '0010870001003', 'Steven Lapenangga', 11, 'Wanita', 'Jakarta', '1989-12-16', '-', 'Jl,sukaluyu 1 No.84\r\n', '', '', '', '', '', NULL, NULL, NULL, NULL),
(651, '0010870001098', 'Hendra G', 11, 'Pria', '', '1988-11-09', '085275444434', ' ', '', '', '', '', '', NULL, NULL, NULL, NULL),
(652, '0010870001033', 'Theo Frids Hutabarat', 11, 'Wanita', 'Jakarta', '1992-12-02', '-', 'Muararajeun Baru 21 B\r\n', '', '', '', '', '', NULL, NULL, NULL, NULL),
(653, '0010870001099', 'Calvin F', 2, 'Pria', 'Tebing Tinggi', '1992-07-20', '08571478744', 'Jl.bukit Sari 16\r\n', '', '', '', '', '', NULL, NULL, NULL, NULL),
(654, '0010870001006', 'Yelda L.s', 2, 'Wanita', 'Jakarta', '1991-08-05', '-', 'Jatinangor\r\n', '', '', '', '', '', NULL, NULL, NULL, NULL),
(655, '0010870001100', 'Jason Octaviano', 2, 'Pria', 'Jakarta', '1991-10-22', '0817778798', 'Jl.bukit Sari No.16\r\n', '', '', '', '', '', NULL, NULL, NULL, NULL),
(656, '0010870001272', 'Maybelle B', 2, 'Wanita', 'Bogor', '1987-05-10', '080001231231', 'Jl Sukakarya Vi/2', '001', '001', '-', '-', '-', NULL, NULL, NULL, NULL),
(657, '0010870001101', 'Edward Sinaga', 8, 'Pria', '', '1981-09-22', '085220002981', 'Jl.sukasenang No.6\r\n', '', '', '', '', '', NULL, NULL, NULL, NULL),
(658, '0010870001102', 'Ruibak', 8, 'Pria', '', '1978-04-17', '08157074600', 'Jl.mahoni 196\r\n', '', '', '', '', '', NULL, NULL, NULL, NULL),
(659, '0010870001103', 'Asyer A', 5, 'Pria', 'Makassar', '1991-04-09', '081242156569', 'Jl.phh.mustofa\r\n', '', '', '', '', '', NULL, NULL, NULL, NULL),
(660, '0010870001273', 'Anthy Elizabeth', 11, 'Wanita', 'Bogor', '1987-02-07', '-', 'Jl Sukakarya Vi/2', '-', '-', '-', '-', '-', NULL, NULL, NULL, NULL),
(661, '0010870001104', 'Leo Dwi', 8, 'Pria', 'Bandung', '1982-08-10', ' ', 'Jl.cikajang 6 Njo.45\r\n', '', '', '', '', '', NULL, NULL, NULL, NULL),
(662, '0010870001105', 'Nenci Dame S', 8, 'Wanita', 'Bandung', '1985-05-23', '082120204095', 'Jl.sukalilah Ii No.93\r\n', '', '', '', '', '', NULL, NULL, NULL, NULL),
(663, '0010870001275', 'Enrico', 8, 'Pria', 'Medan', '1979-02-26', '-', 'Jl Sederhana 1', '-', '-', '-', '-', '-', NULL, NULL, NULL, NULL),
(664, '0010870001106', 'Siregar', 5, 'Wanita', 'Lubuk Pakam', '1964-12-23', '081240903077', 'Jl.bbk.haji Tamim\r\n', '', '', '', '', '', NULL, NULL, NULL, NULL),
(665, '0010870001107', 'Vera Watania', 2, 'Wanita', 'Dumai', '1988-03-23', '081312255844', 'Jl.bbk.haji Tamim\r\n', '', '', '', '', '', NULL, NULL, NULL, NULL),
(666, '0010870001276', 'Dance Stevend', 11, 'Pria', 'Alor', '1987-03-15', '-', 'Tubagus, Maulana Yusuf', '-', '-', '-', '-', '-', NULL, NULL, NULL, NULL),
(667, '0010870001108', 'Ken Kinanti Purnamasari', 2, 'Wanita', 'Jakarta', '1989-11-14', '085282815338', 'Jl Sekeloa Selatan II No 14', '001', '014', 'Lebak Gede', 'Coblong', '40132', NULL, NULL, NULL, NULL),
(668, '0010870001109', 'Valdo Sihombing', 8, 'Pria', 'Medan', '1990-06-12', '085318444042', 'Jl.antapani\r\n', '', '', '', '', '', NULL, NULL, NULL, NULL),
(669, '0010870001277', 'Jonatan Oktantiko K', 11, 'Pria', 'Bandung', '1996-10-28', '-', 'Jl Keadilan Selatan Ii No 5', '-', '-', '-', '-', '-', NULL, NULL, NULL, NULL),
(670, '0010870001110', 'Kevin Kristian G.h', 5, 'Pria', 'Medan', '1992-12-01', '082116754275', 'Jl.konstitusi No.24\r\n', '', '', '', '', '', NULL, NULL, NULL, NULL),
(671, '0010870001111', 'Alvin H', 11, 'Pria', ' ', '1988-02-21', '085721744788', 'Jl.sukahati No.9\r\n', '', '', '', '', '', NULL, NULL, NULL, NULL),
(672, '0010870001112', 'Freeon Alkapon I', 2, 'Pria', 'Jakarta', '1991-05-18', '081280227812', 'Jl.setia No.23\r\n', '', '', '', '', '', NULL, NULL, NULL, NULL),
(673, '0010870001113', 'Daud Jp', 8, 'Pria', 'Kulawi', '1984-09-03', '081220020684', 'Jl.bukit Raya 4 No.7\r\n', '', '', '', '', '', NULL, NULL, NULL, NULL),
(674, '0010870001278', 'Faridawati', 8, 'Wanita', '-', '1965-08-21', '-', 'Jl Cibunut 143/34a', '-', '-', '-', '-', '-', NULL, NULL, NULL, NULL),
(675, '0010870001114', 'Dunan J Simangunsong', 2, 'Pria', 'P Siantar', '1987-01-03', '08891017386', 'Jl.babakan Baru No.65\r\n', '', '', '', '', '', NULL, NULL, NULL, NULL),
(676, '0010870001115', 'Henry Andreas P', 2, 'Pria', 'P Siantar', '1989-04-12', ' ', 'Jl.sekeloa No.18\r\n', '', '', '', '', '', NULL, NULL, NULL, NULL),
(677, '0010870001280', 'Edi Sumardi', 8, 'Pria', '-', '1973-03-30', '-', 'Griya Indah Bogor F5', '-', '-', '-', '-', '-', NULL, NULL, NULL, NULL),
(678, '0010870001116', 'Gustina Srikandy Nababan', 11, 'Wanita', 'Aceh', '1984-08-12', '081310899778', 'Jl.setra Dago Utara V\r\n', '', '', '', '', '', NULL, NULL, NULL, NULL),
(679, '0010870001117', 'Andrew Wilson', 11, 'Pria', 'Kendari', '1991-09-07', '085721438552', 'Jl.sukabirus\r\n', '', '', '', '', '', NULL, NULL, NULL, NULL),
(680, '0010870001118', 'Carlos Nemesis', 5, 'Pria', 'Medan', '1996-05-11', ' ', 'Wahidin Ii No 1 A\r\n', '', '', '', '', '', NULL, NULL, NULL, NULL),
(681, '0010870001119', 'Hendrik Toda', 2, 'Pria', 'Kupang', '1983-12-04', ' ', 'Jl Sekeloa Selatan\r\n', '', '', '', '', '', NULL, NULL, NULL, NULL),
(682, '0010870001281', 'Inriyanto', 8, 'Pria', 'Bandung', '1979-11-09', '-', 'Paeban Timur B2-52', '-', '-', '-', '-', '-', NULL, NULL, NULL, NULL),
(683, '0010870001120', 'Johansen', 5, 'Pria', 'Jakarta', '1981-09-28', ' ', 'Jl Menes Perum Tulip\r\n', '', '', '', '', '', NULL, NULL, NULL, NULL),
(684, '0010870001121', 'W Halomoan S', 2, 'Pria', 'Balige', '1966-06-16', '081312066707', 'Gbi Blok G 16 No 9\r\n', '', '', '', '', '', NULL, NULL, NULL, NULL),
(685, '0010870001282', 'Triastuty', 5, 'Wanita', 'Pekanbaru', '1993-10-01', '-', 'Jln Sukabirus', '-', '-', '-', '-', '-', NULL, NULL, NULL, NULL),
(686, '0010870001283', 'Daniel Tambunan', 2, 'Pria', 'Surabaya', '1992-10-03', '-', 'Jln Patrakomala Dalam No 20', '-', '-', '-', '-', '-', NULL, NULL, NULL, NULL),
(687, '0010870001284', 'Jamari Darius', 5, 'Pria', 'Medan', '1984-06-08', '-', 'Komp Cibogo', '-', '-', '-', '-', '-', NULL, NULL, NULL, NULL),
(688, '0010870001286', 'Putuh Khrisna', 2, 'Pria', 'Cirebon', '1987-03-21', '-', 'Jl Surya Sumantri No 78', '-', '-', '-', '-', '-', NULL, NULL, NULL, NULL),
(689, '0010870001288', 'Benjamin Martuaraja', 11, 'Pria', 'Jakarta', '1992-03-31', '-', 'Cisitu Lama Ix/32', '-', '-', '-', '-', '-', NULL, NULL, NULL, NULL),
(690, '0010870001289', 'Elkadilla Radja', 11, 'Pria', 'Kaban Jahe', '1985-06-23', '-', 'Jl Dago Elos 160', '-', '-', '-', '-', '-', NULL, NULL, NULL, NULL),
(691, '0010870001290', 'Indra Ramot', 10, 'Pria', 'Jakarta', '1975-12-20', '-', 'Jl Scorpio No 7', '-', '-', '-', '-', '-', NULL, NULL, NULL, NULL),
(692, '0010870001291', 'Herlina Simanjuntak', 11, 'Wanita', 'Ciamis', '1987-12-09', '-', 'Sukajadi', '-', '-', '-', '-', '-', NULL, NULL, NULL, NULL),
(693, '0010870001292', 'Nurama H', 8, 'Wanita', 'Jakarta', '1972-06-17', '-', 'Gki My', '-', '-', '-', '-', '-', NULL, NULL, NULL, NULL),
(694, '0010870001294', 'Sondang Kiki', 2, 'Pria', 'Bandung', '1999-06-28', '-', 'Jl Rereng Manis No 17', '-', '-', '-', '-', '-', NULL, NULL, NULL, NULL),
(695, '0010870001295', 'Boris Haryanto', 1, 'Pria', 'Bengkulu', '1983-12-18', '-', 'Sukajadi', '-', '-', '-', '-', '-', NULL, NULL, NULL, NULL),
(696, '0010870001297', 'Lerry Luik', 8, 'Pria', 'Kupang', '1974-09-26', '-', 'Cibeunying Kaler', '-', '-', '-', '-', '-', NULL, NULL, NULL, NULL),
(697, '0010870001299', 'Bavai Damos Natanael', 2, 'Pria', 'Bandung', '1994-10-14', '089666253594', 'Flat Sarijadi Blok F Lantai 4', '005', '005', 'Sukasari', '-', '-', NULL, NULL, NULL, NULL),
(698, '0010870001301', 'Nicky Anggraeni', 2, 'Wanita', 'Bandung', '1989-08-27', '081221500530', 'Arcamanik', '-', '-', '-', 'Arcamanik', '-', NULL, NULL, NULL, NULL),
(699, '0010870001302', 'Ady Wijayanto', 8, 'Pria', 'Kebumen', '1986-12-28', '085743614618', 'Jln Kebonjati 100', '-', '-', 'Kebonjeruk', 'Andir', '-', NULL, NULL, NULL, NULL),
(700, '0010870001303', 'Rachmat F Hulu', 11, 'Pria', 'Nias', '1982-08-20', '08562081982', 'Perum Bukit Arcamanik', '-', '-', '-', 'Arcamanik', '-', NULL, NULL, NULL, NULL),
(701, '0010870000785', 'Paulo Rossi', 11, 'Pria', 'Jakarta', '1982-11-19', '085921628241', 'Cibubur\r\n', '', '', '', '', '', NULL, NULL, NULL, NULL),
(702, '0010870001304', 'Nugraha Lastoa S', 8, 'Pria', 'Medan', '1988-07-06', '085222323063', 'Kubangsari Sekeloa', '-', '-', '-', '-', '-', NULL, NULL, NULL, NULL),
(703, '0010870000786', 'Pahala Tua', 11, 'Pria', 'Jakarta', '1980-05-04', '087821731958', 'Riung Asri 3/1\r\n', '', '', '', '', '', NULL, NULL, NULL, NULL),
(704, '0010870001305', 'Bryan Paluan', 2, 'Pria', 'Tomohon', '1994-06-20', '085397238018', 'Kubangsari 2 No 18a Sekeloa', '-', '-', '-', '-', '-', NULL, NULL, NULL, NULL),
(705, '0010870000787', 'Cornellus P', 8, 'Pria', 'Jakarta', '1980-03-15', '-', 'Jl Taman Hewan No 185c\r\n', '', '', '', '', '', NULL, NULL, NULL, NULL),
(706, '0010870000788', 'Henry Marciano', 11, 'Pria', 'Cilacap', '1981-08-02', '-', 'Jl Mahmud No 7\r\n', '', '', '', '', '', NULL, NULL, NULL, NULL),
(707, '0010870000789', 'Purwanto', 8, 'Pria', 'Medan', '1988-07-03', '082127575890', 'Jl Surya Sumantri\r\n', '', '', '', '', '', NULL, NULL, NULL, NULL),
(708, '0010870000790', 'Albert Pinem', 11, 'Pria', 'Pekanbaru', '1992-04-07', '083821354096', 'Jl Senantiasa Gg Santosa No 3 Rt 02/05\r\n', '', '', '', '', '', NULL, NULL, NULL, NULL),
(709, '0010870000791', 'Benaya Kahulta Siregar', 8, 'Pria', '', '1977-06-11', '0811580308', 'Perum Mekarwangi\r\nX', '', '', '', '', '', NULL, NULL, NULL, NULL),
(710, '0010870000792', 'Phendi Anden', 11, 'Pria', '', '1959-03-12', '2505817', 'Jl Ligar Raya 57\r\n', '', '', '', '', '', NULL, NULL, NULL, NULL);
INSERT INTO `donors` (`id`, `no_register`, `nama`, `gol_darah_id`, `kelamin`, `tempat_lahir`, `tgl_lahir`, `telp`, `alamat`, `rt`, `rw`, `kelurahan`, `kecamatan`, `kode_pos`, `pekerjaan_id`, `penghargaan`, `total_donor`, `donor_terakhir`) VALUES
(711, '0010870000793', 'Reky Jacob Imbir', 8, 'Pria', 'Kiruru', '1986-06-09', '081214458191', 'Sekeloa Utara\r\n', '', '', '', '', '', NULL, NULL, NULL, NULL),
(712, '0010870000794', 'Ericko Ws', 11, 'Pria', 'Medan', '1991-03-06', '085296891163', 'Jl Sukasari I No 168\r\n', '', '', '', '', '', NULL, NULL, NULL, NULL),
(713, '0010870000795', 'Willi Sabarani', 11, 'Pria', 'Jakarta', '1986-02-20', '087822263999', 'Jl Amir Machmud No 574\r\n', '', '', '', '', '', NULL, NULL, NULL, NULL),
(714, '0010870000796', 'Adrian Rizki S', 5, 'Pria', 'T Tinggi', '1993-09-28', '087868593161', 'Sukamanah 79\r\n', '', '', '', '', '', NULL, NULL, NULL, NULL),
(715, '0010870001306', 'Henry Y', 2, 'Pria', 'Bandung', '1973-06-06', '083820186912', 'Giri Mekar', '005', '005', '-', '-', '-', NULL, NULL, NULL, NULL),
(716, '0010870000797', 'Daniel Sitompul', 11, 'Pria', 'Hutabarat', '1987-09-07', '081320926745', 'Gerlong Girang 153\r\n', '', '', '', '', '', NULL, NULL, NULL, NULL),
(717, '0010870001307', 'Tommy', 8, 'Pria', 'Bandung', '1989-02-26', '082217588826', 'H Yasin Iii No 78', '03', '003', 'Sukabungah', 'Sukajadi', '-', NULL, NULL, NULL, NULL),
(718, '0010870000798', 'Bonar Tua Halomoan', 11, 'Pria', 'Jakarta', '1975-12-22', '082110152177', 'Jl Cigadung Raya Timur No.112\r\n', '', '', '', '', '', NULL, NULL, NULL, NULL),
(719, '0010870000799', 'Ronald Fendi S', 11, 'Pria', 'Belitung', '1983-08-16', '-', 'Grj Maulana Yusuf\r\n', '', '', '', '', '', NULL, NULL, NULL, NULL),
(720, '0010870001310', 'James Saprian L', 5, 'Pria', 'Soroaki', '1988-09-13', '082117063963', 'Jl Gn Merapi F 153', '004', '001', '-', '-', '-', NULL, NULL, NULL, NULL),
(721, '0010870000800', 'Jeffry P', 11, 'Pria', 'Bandung', '1976-08-26', '-', 'Grj Maulana Yusuf\r\n', '', '', '', '', '', NULL, NULL, NULL, NULL),
(722, '0010870001311', 'Michael Bagus S', 11, 'Pria', 'Jakarta', '1992-01-19', '087773505737', 'Perum Telaga Bestari', '003', '001', '-', '-', '-', NULL, NULL, NULL, NULL),
(723, '0010870001312', 'Jonathan Silitonga', 11, 'Pria', 'Pematang Siantar', '1989-08-13', '081224998252', 'Jl Sekeloa Tengah ', '-', '-', 'Lebakgede', 'Coblong', '-', NULL, NULL, NULL, NULL),
(724, '0010870001313', 'Rizky Fd Samosir', 2, 'Pria', 'Bandung', '1982-06-04', '085299892707', 'Jl Katamso ', '006', '009', 'Cihaurgeulis', 'Cibeunying Kaler', '-', NULL, NULL, NULL, NULL),
(725, '0010870001314', 'Yessy Januarita', 2, 'Wanita', 'Bandung', '1986-01-15', '081220424050', 'Jl Katamso Gg. Sabilulungan', '006', '009', 'Cihaurgeulis', 'Cibeunying Kaler', '-', NULL, NULL, NULL, NULL),
(726, '0010870001315', 'Firdaus', 2, 'Pria', 'Tamiang Layang', '1991-10-04', '082216418610', 'Jl Sukabirus No 135', '-', '-', 'Dayeuhkolot', '-', '-', NULL, NULL, NULL, NULL),
(727, '0010870001317', 'Jessy Septiany', 2, 'Wanita', 'Bandung', '1992-09-30', '0227300950', 'Maskumambang 33', '-', '-', '-', '-', '-', NULL, NULL, NULL, NULL),
(728, '0010870001318', 'Jessica Sibarani', 8, 'Wanita', 'Medan', '1993-02-28', '-', 'Jl Bagusrangin No 10', '-', '-', 'Lebakgede', 'Coblong', '-', NULL, NULL, NULL, NULL),
(729, '0010870001320', 'Aprilia Tiarma', 11, 'Wanita', 'Bandung', '1992-04-20', '082216408855', 'Pinus Regency', '-', '-', '-', '-', '-', NULL, NULL, NULL, NULL),
(730, '0010870001321', 'Sapta Setia Budi', 8, 'Pria', 'Nias', '1985-06-15', '081375241990', 'Batu Indah Iv', '-', '-', '-', 'Batununggal', '-', NULL, NULL, NULL, NULL),
(731, '0010870001322', 'Sridevi Sihombing', 8, 'Wanita', 'Kuningan', '1992-01-18', '08124704848', 'Jln Puyuh Dalan Mo 233b', '-', '-', '-', 'Coblong', '-', NULL, NULL, NULL, NULL),
(732, '0010870001323', 'Debora Arnita', 11, 'Wanita', 'Metro', '1993-02-19', '081930088481', 'Metro Trimurjo Lampung', '-', '-', '-', '-', '-', NULL, NULL, NULL, NULL),
(733, '0010870001324', 'Edwin Lumbantobing', 2, 'Pria', 'Siborongborong', '1989-05-06', '081214704666', 'Jl Puyuh Dalam No 223b', '001', '011', 'Sadang Serang', 'Coblong', '-', NULL, NULL, NULL, NULL),
(734, '0010870001325', 'Erwin Bakker', 2, 'Pria', 'Larat', '1988-08-16', '085243622868', 'Jl Kebun Bibit Utara Ii No 38/59', '004', '005', 'Tamansari', 'Coblong', '-', NULL, NULL, NULL, NULL),
(735, '0010870001326', 'Masuni Mendrosa', 11, 'Pria', 'Bandung', '1993-06-25', '087824887796', 'Jl Sekejati Viii No 12', '-', '-', '-', 'Kiaracondong', '-', NULL, NULL, NULL, NULL),
(736, '0010870001327', 'Ari', 1, 'Pria', 'Makale', '1993-09-03', '085222267849', 'Jl Kubangsari 6', '-', '-', '-', '-', '-', NULL, NULL, NULL, NULL),
(737, '0010870001328', 'Ria Melina', 8, 'Wanita', 'Bandung', '1993-01-14', '085720037903', 'Jl Mawar B4 No 1 Komp Pasadena', '-', '-', 'Caringin', 'Babakan Ciparay', '-', NULL, NULL, NULL, NULL),
(738, '0010870001329', 'Jefri', 11, 'Pria', 'Alor', '1989-04-05', '081239423735', 'Jl Ir H Djuanda 109', '-', '-', 'Dago', '-', '-', NULL, NULL, NULL, NULL),
(739, '0010870001330', 'Alfa Alfredo', 1, 'Pria', 'Pasuruan', '1991-01-27', '081331111366', 'Jl Sukasari 2 No 274', '-', '-', 'Sekeloa', 'Coblong', '-', NULL, NULL, NULL, NULL),
(740, '0010870001261', 'Hendrik N', 8, 'Pria', 'Depok', '1984-07-20', '-', 'Jl Moh Toha', '-', '-', '-', '-', '-', NULL, NULL, NULL, NULL),
(741, '0010870001267', 'Tio Renova Pratiwi', 11, 'Wanita', 'Bogor', '1986-07-24', '-', 'Jl Ters Bukit Dago Selatan No 7b', '-', '-', '-', '-', '-', NULL, NULL, NULL, NULL),
(742, '0010870000801', 'Sondang', 8, 'Wanita', '', '1979-03-12', '-', 'Grj Maulana Yusuf\r\n', '', '', '', '', '', NULL, NULL, NULL, NULL),
(743, '0010870000802', 'Akiko Novyanti', 2, 'Wanita', 'Nagoya', '1993-11-28', '082126408169', 'Jl.ahmad Yani No.669\r\n', '', '', '', '', '', NULL, NULL, NULL, NULL),
(744, '0010870000803', 'Dedy P Sianturi', 2, 'Pria', 'Medan', '1976-02-15', '-', 'Graha Puspa B3 No.5c\r\n', '', '', '', '', '', NULL, NULL, NULL, NULL),
(745, '0010870000804', 'Herlina Manurung', 5, 'Wanita', 'Bandung', '1964-12-31', '087808388899', 'Komp Graha Puspa B3/5c\r\n', '', '', '', '', '', NULL, NULL, NULL, NULL),
(747, '0010870000805', 'Febrian S', 8, 'Pria', 'Batang', '1988-02-12', '-', 'Baloi Centre D-93\r\n', '', '', '', '', '', NULL, NULL, NULL, NULL),
(748, '0010870000806', 'George Marvin', 8, 'Pria', 'Jakarta', '1993-11-03', '-', 'Jl Tb Ismail Xv No.14\r\n', '', '', '', '', '', NULL, NULL, NULL, NULL),
(749, '0010870000807', 'Daniel Caesar Pratama', 8, 'Pria', 'Yogyakarta', '0000-00-00', '-', 'Cisitu Indah 2b\r\n', '', '', '', '', '', NULL, NULL, NULL, NULL),
(750, '0010870000808', 'Vanny Mr', 8, 'Wanita', '', '1976-02-12', '-', 'Grj Maulana Yusuf\r\n', '', '', '', '', '', NULL, NULL, NULL, NULL),
(751, '0010870000809', 'Junaidy', 2, 'Pria', 'Bandung', '1977-11-28', '-', 'Mekar Mandiri 31\r\n', '', '', '', '', '', NULL, NULL, NULL, NULL),
(752, '0010870000810', 'Sabam Zakharia S.', 8, 'Pria', 'Bengkulu', '1992-01-27', '085322767686', 'Jl. Sekeloa Selatan\r\n', '', '', '', '', '', NULL, NULL, NULL, NULL),
(753, '0010870000811', 'Richard Siahaan', 11, 'Pria', 'Belitung', '1976-02-11', '0817223140', 'Cijerah I No.74/292\r\n', '', '', '', '', '', NULL, NULL, NULL, NULL),
(754, '0010870000812', 'Franki Frederick', 2, 'Pria', 'Dumai-riau', '1978-02-03', '-', 'Cimareme Indah B3/6\r\n', '', '', '', '', '', NULL, NULL, NULL, NULL),
(755, '0010870000813', 'Hans Siregar', 5, 'Pria', 'Medan', '1989-11-13', '-', 'Jl Lamping 29\r\n', '', '', '', '', '', NULL, NULL, NULL, NULL),
(756, '0010870000814', 'Dwi Esti Hamdayani', 8, 'Wanita', 'Bandung', '1959-05-10', '-', 'Gede Bage\r\n', '', '', '', '', '', NULL, NULL, NULL, NULL),
(758, '0010870000816', 'Richard A', 2, 'Pria', 'Bandung', '1993-05-26', '-', 'Jl Dipatiukur No.100\r\n', '', '', '', '', '', NULL, NULL, NULL, NULL),
(759, '0010870000817', 'Henry Lesmana', 11, 'Pria', 'Bandung', '1976-03-17', '-', 'Jl Leuwisari Xi/4\r\n', '', '', '', '', '', NULL, NULL, NULL, NULL),
(760, '0010870000818', 'Denise Julia Adiwianto', 8, 'Wanita', 'Jakarta', '1994-07-11', '-', 'Jl Merpati V No.7\r\n', '', '', '', '', '', NULL, NULL, NULL, NULL),
(761, '0010870000819', 'Saphira I', 11, 'Wanita', 'Jakarta', '1988-05-24', '-', 'Jl Parkit No.4-bumi Makmur\r\n', '', '', '', '', '', NULL, NULL, NULL, NULL),
(762, '0010870000820', 'Yohana Stefanie', 2, 'Wanita', 'Jakarta', '1988-11-30', '-', 'Mentor I No.40\r\n', '', '', '', '', '', NULL, NULL, NULL, NULL),
(763, '0010870000821', 'Suyud Yuwono', 8, 'Pria', 'Malang', '1974-03-19', '-', 'Jl.jati Anom No.233\r\n', '', '', '', '', '', NULL, NULL, NULL, NULL),
(764, '0010870000822', 'Christina Romauli', 11, 'Wanita', 'Jakarta', '1983-09-06', '-', 'Tb Ismail Xv\r\n', '', '', '', '', '', NULL, NULL, NULL, NULL),
(765, '0010870000823', 'Isser Freddy Tobing', 11, 'Pria', 'Jakarta', '1986-04-02', '-', 'Jl.lembah Lontar\r\n', '', '', '', '', '', NULL, NULL, NULL, NULL),
(766, '0010870000824', 'Ogie Trianto M', 11, 'Pria', 'Serang', '1992-01-03', '081807938111', 'Sarijadi', '', '', '', '', '', NULL, NULL, NULL, NULL),
(767, '0010870000825', 'Michelle Narasa', 11, 'Pria', 'Jakarta', '1993-12-17', '-', 'Kelapa Gading', '', '', '', '', '', NULL, NULL, NULL, NULL),
(768, '0010870000826', 'Yosua Christian P Pasaribu', 11, 'Pria', 'Palu', '1977-11-28', '081322221323', 'Jl Awiligar Raya No 9', '004', '009', 'Cibeunying', 'Cimenyan', '40191', NULL, NULL, NULL, NULL),
(769, '0010870000827', 'Riana Patricia', 11, 'Wanita', 'Jakarta', '1993-05-20', '-', 'Jl.delima Raya No.4\r\n', '', '', '', '', '', NULL, NULL, NULL, NULL),
(770, '0010870000828', 'Benny Suranto', 11, 'Pria', 'Magelang', '1980-05-01', '-', 'Magelang Tengah\r\n', '', '', '', '', '', NULL, NULL, NULL, NULL),
(771, '0010870000829', 'Isaac', 2, 'Pria', 'Jakarta', '1990-10-27', '-', 'Depok', '', '', '', '', '', NULL, NULL, NULL, NULL),
(772, '0010870000830', 'Jeffrey Samosir', 11, 'Pria', 'Dolok Sanggul', '1967-01-28', '-', 'Jl.sukasenang\r\n', '', '', '', '', '', NULL, NULL, NULL, NULL),
(773, '0010870000831', 'Dody Seli', 11, 'Pria', 'Kupang', '1986-05-08', '-', 'Jl.sukasari\r\n', '', '', '', '', '', NULL, NULL, NULL, NULL),
(774, '0010870000832', 'Rianto Abing Martua', 8, 'Pria', 'Saroko', '1987-04-20', '-', 'Jl.sarijadi Blok 14\r\n', '', '', '', '', '', NULL, NULL, NULL, NULL),
(775, '0010870000833', 'Ana Ayuningtyas ', 2, 'Wanita', 'Palembang', '1988-06-30', '-', 'Jl.mega Ayu No.7\r\n', '', '', '', '', '', NULL, NULL, NULL, NULL),
(776, '0010870000834', 'Enggo Hani', 11, 'Pria', 'Bukit Rawi', '1991-02-12', '085249241107', 'Padalarang\r\n', '', '', '', '', '', NULL, NULL, NULL, NULL),
(777, '0010870000835', 'Bram Galih Arianto', 2, 'Pria', 'Surakarta', '1994-06-10', '-', 'Jl.dago Biru\r\n', '', '', '', '', '', NULL, NULL, NULL, NULL),
(778, '0010870000836', 'Rendra', 8, 'Pria', 'Jakarta', '1977-01-11', '-', 'Jl.embah Malim\r\n', '', '', '', '', '', NULL, NULL, NULL, NULL),
(779, '0010870000837', 'Daniel F', 8, 'Pria', 'Subang', '1993-07-10', '-', 'Antapani\r\n', '', '', '', '', '', NULL, NULL, NULL, NULL),
(780, '0010870000838', 'Rutheresia', 8, 'Wanita', 'Jambi', '1990-07-14', '-', 'Jl.kopo Gg Kafir 16\r\n', '', '', '', '', '', NULL, NULL, NULL, NULL),
(781, '0010870000839', 'Victoria K', 2, 'Wanita', 'Solo', '1959-12-23', '-', 'A', '', '', '', '', '', NULL, NULL, NULL, NULL),
(783, '0010870000840', 'Ardo Purba', 2, 'Pria', 'Medan', '1988-04-01', '-', 'Jl.ciheulang 2 No.21\r\n', '', '', '', '', '', NULL, NULL, NULL, NULL),
(784, '0010870000841', 'Andreas W.m Silitonga', 11, 'Wanita', 'Bandung', '1990-02-07', '08572440833', 'Jl.kusuma Hidayat\r\n', '', '', '', '', '', NULL, NULL, NULL, NULL),
(785, '0010870000842', 'Marissa', 8, 'Wanita', 'Medan', '1989-01-14', '-', 'Pasir Impun\r\n', '', '', '', '', '', NULL, NULL, NULL, NULL),
(786, '0010870000843', 'Jessica Natalia', 1, 'Wanita', 'Medan', '1993-12-29', '08566245697', 'Jl Bagus Rangin No 10\r\n', '', '', '', '', '', NULL, NULL, NULL, NULL),
(787, '0010870000844', 'Jasmine Abidin', 8, 'Wanita', 'Jakarta', '1994-01-20', '08179980006', 'Bangka Ix C No 12\r\n', '', '', '', '', '', NULL, NULL, NULL, NULL),
(788, '0010870000845', 'Irene Priscilla Mulyono', 1, 'Wanita', 'Tegal', '1978-01-01', '08974171871', 'Villa Bukit Mas Kav 55a\r\n', '', '', '', '', '', NULL, NULL, NULL, NULL),
(789, '0010870000846', 'Freddy A R S', 2, 'Pria', 'Bagansiapiapi', '1982-12-08', '081328448025', 'Kpad Gerlong\r\n', '', '', '', '', '', NULL, NULL, NULL, NULL),
(790, '0010870000847', 'Rika R', 2, 'Wanita', 'Jakarta', '1980-07-24', '08122036804', 'Cikaso 57 Rt 03/09\r\n', '', '', '', '', '', NULL, NULL, NULL, NULL),
(791, '0010870000848', 'Sally Boentoro', 5, 'Wanita', 'Majalengka', '1969-02-09', '483012', 'Jl Gn Kelud I No 89 Cirebon\r\n', '', '', '', '', '', NULL, NULL, NULL, NULL),
(792, '0010870000849', 'Yanri', 8, 'Pria', 'Bengkalis', '1973-01-01', '081365306142', 'Giri Mande Blok A3-23 Rt 02/05\r\n', '', '', '', '', '', NULL, NULL, NULL, NULL),
(794, '0010870000851', 'Siany', 2, 'Wanita', 'Bandung', '1968-12-22', '08122325652', 'Taman Sakura 30\r\n', '', '', '', '', '', NULL, NULL, NULL, NULL),
(795, '0010870000852', 'Yani Suryani', 8, 'Wanita', 'Bandung', '1976-11-25', '085351118080', 'Hegarmanah Gg Panji 39 Rt03/03\r\n', '', '', '', '', '', NULL, NULL, NULL, NULL),
(796, '0010870000713', 'Apta Kristo Mala', 11, 'Pria', 'Beteleng', '1964-10-21', '-', 'Jl. Kebon Kembang', '', '', '', '', '', NULL, NULL, NULL, NULL),
(797, '0010870000714', 'Marlise H', 11, 'Wanita', 'Aceh', '1964-10-07', '-', 'Sarimanis 82', '', '', '', '', '', NULL, NULL, NULL, NULL),
(798, '0010870000718', 'Ramond Archanis Rajasa', 1, 'Pria', '', '1991-04-04', '-', 'Dago Pojok 68a', '', '', '', '', '', NULL, NULL, NULL, NULL),
(799, '0010870000719', 'Rina', 2, 'Wanita', 'Bandung', '1979-08-21', '087822179201', 'Jl. Mekar Indah No 9', '', '', '', '', '', NULL, NULL, NULL, NULL),
(800, '0010870000720', 'Hosanna Aw', 11, 'Pria', 'Denver', '1992-05-23', '08161455722', 'Palem Indah No 14\r\n', '5', '14', '', '', '', NULL, NULL, NULL, NULL),
(801, '0010870000721', 'Daniela Ayu', 11, 'Wanita', 'Jakarta', '1991-12-18', '087770077823', 'Jl. Teratai No 8 Karawang', '', '', '', '', '', NULL, NULL, NULL, NULL),
(802, '0010870000722', 'Yanty Verawaty', 2, 'Wanita', 'Bandung', '1976-12-17', '087823499187', 'Jl. Babak Tarogong 200a', '5', '1', '', '', '', NULL, NULL, NULL, NULL),
(803, '0010870000723', 'Yosua R', 2, 'Pria', 'Ketapang', '1992-06-16', '089693607422', 'Cibogo No 69', '', '', '', '', '', NULL, NULL, NULL, NULL),
(804, '0010870000724', 'Evita Primalia', 8, 'Wanita', '', '1987-05-01', '081394081004', 'Jl. Rereongan Sarupi No 25', '', '', '', '', '', NULL, NULL, NULL, NULL),
(805, '0010870000725', 'Sestri Oktaviani', 2, 'Wanita', '', '1990-10-11', '082126126613', 'Jl. Bagusrangin No 37', '7', '2', '', '', '', NULL, NULL, NULL, NULL),
(807, '0010870000727', 'Neneng Widasari', 8, 'Wanita', 'Tangerang', '1991-01-26', '081221694666', 'Jl. Biologi Cigadung', '', '', '', '', '', NULL, NULL, NULL, NULL),
(808, '0010870000726', 'Valentino Agus', 5, 'Pria', 'Solo', '1991-02-14', '085293783777', 'Solo', '', '', '', '', '', NULL, NULL, NULL, NULL),
(809, '0010870000729', 'Ken Prabowo', 8, 'Wanita', 'Yogyakarta', '1992-04-04', '085693598000', 'Cisitu Lama Iii', '', '', '', '', '', NULL, NULL, NULL, NULL),
(810, '0010870000730', 'Andi G', 11, 'Pria', '', '1985-04-13', '081222928885', 'Sukamulya', '', '', '', '', '', NULL, NULL, NULL, NULL),
(811, '0010870000731', 'Herdina P', 2, 'Wanita', 'Medan', '1962-01-26', '-', 'Bekasi', '', '', '', '', '', NULL, NULL, NULL, NULL),
(812, '0010870000732', 'Edison Siagian', 2, 'Pria', '', '1959-09-04', '081381315865', 'Bekasi', '', '', '', '', '', NULL, NULL, NULL, NULL),
(813, '0010870000733', 'Khrisna Putra', 2, 'Pria', 'Jakarta', '1993-04-05', '021-8477301', 'Kebon Bibit Barat No 29', '', '', '', '', '', NULL, NULL, NULL, NULL),
(814, '0010870000734', 'Christina M S', 8, 'Wanita', 'Cirebon', '1990-08-23', '085720067637', 'Setra Duta', '', '', '', '', '', NULL, NULL, NULL, NULL),
(815, '0010870000735', 'Regina M H', 8, 'Wanita', 'Bandung', '1992-06-16', '-', 'Ciumbeuleuit 151', '', '', '', '', '', NULL, NULL, NULL, NULL),
(816, '0010870000736', 'Tamara F Nainggolan', 11, 'Wanita', 'Medan', '1988-08-03', '08122876924', 'Raben I No. 2', '', '', '', '', '', NULL, NULL, NULL, NULL),
(817, '0010870000737', 'Putri Nabila', 8, 'Wanita', '', '1987-10-30', '6646606', 'Pondok Mas Tengah 16', '', '', '', '', '', NULL, NULL, NULL, NULL),
(818, '0010870000739', 'Vivi Luciana', 2, 'Wanita', 'Medan', '1972-08-26', '022-7537901', 'Gbi E8/15', '', '', '', '', '', NULL, NULL, NULL, NULL),
(819, '0010870000741', 'Jesse', 11, 'Pria', '', '1984-09-27', '085694817425', 'Jakarta', '', '', '', '', '', NULL, NULL, NULL, NULL),
(820, '0010870000742', 'Renald', 1, 'Pria', 'Bandung', '1979-05-10', '085310100579', 'Jl Telepon 18\r\n', '', '', '', '', '', NULL, NULL, NULL, NULL),
(821, '0010870000743', 'Joshep Sitepu', 11, 'Pria', '', '1991-03-27', '085761116135', 'Jl Sukabirus No 78\r\n', '', '', '', '', '', NULL, NULL, NULL, NULL),
(822, '0010870000744', 'Olifia Sihombing', 2, 'Wanita', 'Jakarta', '1976-12-18', '021-68526805', 'Jakarta', '', '', '', '', '', NULL, NULL, NULL, NULL),
(823, '0010870000745', 'B Julpiter', 11, 'Pria', 'Jakarta', '1974-07-02', '081382923000', 'Jakarta', '', '', '', '', '', NULL, NULL, NULL, NULL),
(824, '0010870000747', 'Ros Friska', 11, 'Wanita', '', '1983-08-19', '081322124587', 'Koba\r\n', '', '', '', '', '', NULL, NULL, NULL, NULL),
(825, '0010870000748', 'Berkat M E', 2, 'Pria', '', '1981-01-24', '-', 'Dago\r\n', '', '', '', '', '', NULL, NULL, NULL, NULL),
(826, '0010870000749', 'Marta Puji Lestari', 8, 'Wanita', 'Bekasi', '1987-03-12', '081320746563', 'Jl Taman Siswa No 7\r\n', '', '', '', '', '', NULL, NULL, NULL, NULL),
(827, '0010870000750', 'Tatiana Romanova', 11, 'Wanita', 'Jakarta', '1991-07-27', '085711129251', 'Jl Bagusrangin No 6\r\n', '', '', '', '', '', NULL, NULL, NULL, NULL),
(828, '0010870000751', 'Firman Silalahi', 11, 'Pria', 'Medan', '1990-10-25', '081221934964', 'Buah Batu\r\n', '', '', '', '', '', NULL, NULL, NULL, NULL),
(829, '0010870000752', 'Nigel Steven', 2, 'Pria', 'Medan', '1990-02-10', '085270222263', 'Bojongsoang\r\n', '', '', '', '', '', NULL, NULL, NULL, NULL),
(830, '0010870000753', 'Sandy S', 11, 'Pria', '', '1990-03-01', '-', 'Coblong\r\n', '', '', '', '', '', NULL, NULL, NULL, NULL),
(831, '0010870000754', 'Steven P', 11, 'Pria', '', '1987-03-15', '-', 'Coblong\r\n', '', '', '', '', '', NULL, NULL, NULL, NULL),
(832, '0010870000755', 'Petrus Jensei', 11, 'Pria', 'Faktak', '1991-02-01', '085353530244', 'Coblong, Dago Timur\r\n', '', '', '', '', '', NULL, NULL, NULL, NULL),
(833, '0010870000756', 'Zulaiksi Alex', 11, 'Pria', 'Sorong', '1985-07-22', '085254245297', 'Sekeloa Utara\r\n', '', '', '', '', '', NULL, NULL, NULL, NULL),
(834, '0010870000757', 'Henry', 11, 'Pria', 'Firdaus', '1971-12-07', '08124450362', 'Bdg\r\n', '', '', '', '', '', NULL, NULL, NULL, NULL),
(835, '0010870000758', 'Rafael Junaidi S', 11, 'Pria', 'Sidoarjo', '1989-07-15', '085222112094', 'Jl Tavura Sajewa Kidul No 40\r\n', '', '', '', '', '', NULL, NULL, NULL, NULL),
(836, '0010870000760', 'Ignatius Kevin S', 11, 'Pria', 'Tangerang', '1993-05-19', '08999778035', 'Jl Kubang Sari No 4\r\n', '', '', '', '', '', NULL, NULL, NULL, NULL),
(837, '0010870000761', 'Gloria', 2, 'Wanita', 'Bekasi', '1991-12-25', '-', 'Kp Jembatan Rt 01/17\r\n', '01', '17', '', '', '', NULL, NULL, NULL, NULL),
(838, '0010870000763', 'Achilles P A Helaha', 11, 'Pria', 'Ambon', '1995-08-17', '085344080420', 'Jl Cisitu Baru No 46\r\n', '', '', '', '', '', NULL, NULL, NULL, NULL),
(839, '0010870000764', 'Faisal Nur Baihaki', 11, 'Pria', 'Jakarta', '1990-05-22', '-', 'Jl Lebak Bulus Iii Rt 08/04\r\n', '08', '04', '', '', '', NULL, NULL, NULL, NULL),
(840, '0010870000765', 'Lina Christiana R', 11, 'Wanita', 'Majalengka', '1975-12-16', '082123044777', 'Bbk Ciamis 49a/1b Rt 04/07\r\n', '04', '07', '', '', '', NULL, NULL, NULL, NULL),
(841, '0010870000766', 'Leo', 5, 'Pria', 'Bandung', '1992-06-29', '-', 'Jl Raya Cibeureum Gg Sukasari Ii No 19\r\n', '', '', '', '', '', NULL, NULL, NULL, NULL),
(842, '0010870000767', 'Rizky', 8, 'Pria', 'Medan', '1990-04-15', '081932945495', 'Jl Kutilang I No 23\r\n', '', '', '', '', '', NULL, NULL, NULL, NULL),
(843, '0010870000768', 'Frans Lukas', 8, 'Pria', 'T Enim', '1990-08-05', '085721102901', 'Gelatik Dalam 514\r\n', '', '', '', '', '', NULL, NULL, NULL, NULL),
(844, '0010870000769', 'Rumiris Pakpahan', 11, 'Wanita', 'Medan', '1967-06-13', '081322825045', 'Gba I Blok K No 4 Rt 06/15\r\n', '06', '15', '', '', '', NULL, NULL, NULL, NULL),
(845, '0010870000770', 'Romi S Tarigan', 11, 'Pria', 'Medan', '1990-07-04', '085222281100', 'Gg Mangkasuni No 76 Rt 0/18\r\n', '', '', '', '', '', NULL, NULL, NULL, NULL),
(846, '0010870000772', 'Haryono', 11, 'Pria', 'Bandung', '1991-12-08', '-', 'Jl Sukahaji No 14 Rt 01/07\r\n', '01', '07', '', '', '', NULL, NULL, NULL, NULL),
(847, '0010870000773', 'Yulius Selsili', 11, 'Pria', 'Bandung', '1966-02-22', '-', 'Jl Sekemirung Kaler\r\n', '', '', '', '', '', NULL, NULL, NULL, NULL),
(848, '0010870000776', 'Rico Lejiu', 5, 'Pria', 'Samarinda', '1993-11-24', '081944905235', 'Jl Tb Ismail Viii Dalam No 27\r\n', '', '', '', '', '', NULL, NULL, NULL, NULL),
(850, '0010870000777', 'Marnaek Tambunan', 8, 'Pria', 'Balige', '1992-02-15', '085213522424', 'Jl Jambu No 24\r\n', '', '', '', '', '', NULL, NULL, NULL, NULL),
(851, '0010870000778', 'Candra Lijaya', 11, 'Pria', 'Bandung', '1971-08-10', '-', 'Tmn Lingkar Selatan 17\r\n', '', '', '', '', '', NULL, NULL, NULL, NULL),
(852, '0010870000779', 'N S Kristian R', 11, 'Pria', 'Jakarta', '1992-04-10', '081808146036', 'Tb Ismail 7 No 9\r\n', '', '', '', '', '', NULL, NULL, NULL, NULL),
(853, '0010870000780', 'Suraya Juniarto', 8, 'Pria', 'Semarang', '1988-06-11', '085721808048', 'Pekalongan\r\n', '', '', '', '', '', NULL, NULL, NULL, NULL),
(854, '0010870000781', 'Harold Limbong', 8, 'Pria', 'Surakarta', '1988-08-14', '08987323930', 'Gki Maulana Yusuf\r\n', '', '', '', '', '', NULL, NULL, NULL, NULL),
(855, '0010870000782', 'Tirza Kristin', 5, 'Wanita', 'Bandung', '1978-04-11', '7274817', 'Jl Rukun No 11\r\n', '', '', '', '', '', NULL, NULL, NULL, NULL),
(856, '0010870000783', 'Ruth Debora', 8, 'Wanita', 'Jakarta', '1993-07-01', '082125756904', 'Cisitu Indah I No 1\r\n', '', '', '', '', '', NULL, NULL, NULL, NULL),
(858, '0010870000784', 'Fuad Nicolas', 5, 'Pria', 'Medan', '1987-05-03', '0817201261', 'Jl Surya Sumantri No 33 Rt 01/05\r\n', '01', '05', '', '', '', NULL, NULL, NULL, NULL),
(859, '0010870000648', 'Ria', 11, 'Wanita', 'Bandung', '1970-06-20', '000', 'Jl.jatiwangi 8/34\r\n', '', '', '', '', '', NULL, NULL, NULL, NULL),
(860, '0010870000649', 'Ramanda', 5, 'Pria', 'Jakarta', '1990-09-14', '000', 'Pamulang Estate Blok G6/10\r\n', '', '', '', '', '', NULL, NULL, NULL, NULL),
(864, '0010870000650', 'Hans H', 8, 'Pria', 'Makassar', '1994-01-27', '000', 'Jl.tugu Asri V\r\n', '', '', '', '', '', NULL, NULL, NULL, NULL),
(866, '0010870000651', 'Petra Manuel ', 11, 'Pria', 'Bandung', '1990-06-27', '000', 'Taman Kopo Indah\r\n', '', '', '', '', '', NULL, NULL, NULL, NULL),
(867, '0010870000652', 'Ruth Paulina', 11, 'Wanita', 'Jakarta', '1992-04-14', '000', 'Jl.bagus Rangin No.14\r\n', '', '', '', '', '', NULL, NULL, NULL, NULL),
(868, '0010870000653', 'Arinni', 2, 'Wanita', 'Bandung', '1987-10-13', '000', 'Jl.cisitu Indah\r\n', '', '', '', '', '', NULL, NULL, NULL, NULL),
(869, '0010870000654', 'Edvardus A Ternandes', 11, 'Pria', 'Atambua', '1976-10-27', '000', 'Jatinangor', '', '', '', '', '', NULL, NULL, NULL, NULL),
(870, '0010870000655', 'Fendi Alle', 11, 'Pria', 'Jayapura', '1985-05-12', '000', 'Jayapura', '', '', '', '', '', NULL, NULL, NULL, NULL),
(871, '0010870000656', 'Christian Meliala', 8, 'Wanita', 'Medan', '1985-10-14', '081802010944', 'Banjarsari V No.22\r\n', '', '', '', '', '', NULL, NULL, NULL, NULL),
(872, '0010870000657', 'Manggala A', 11, 'Pria', 'Prubumulih', '1990-01-10', '000', 'Jl.cisitu Lama No.5/160b\r\n', '', '', '', '', '', NULL, NULL, NULL, NULL),
(873, '0010870000658', 'Sortha Hutagalung', 11, 'Pria', 'None', '1957-09-11', '000', 'Jl.elok I No.15\r\n', '', '', '', '', '', NULL, NULL, NULL, NULL),
(874, '0010870000659', 'Rinaldi Tampubolon', 8, 'Pria', 'Medan', '1968-06-10', '08112285386', 'Jl. Pratista Barat Ii/ii\r\n', '', '', '', '', '', NULL, NULL, NULL, NULL),
(875, '0010870000660', 'Yuni Antasari', 11, 'Wanita', 'Medan', '1984-06-16', '000', 'Jl. Taman Hewan No. 183/56\r\n', '', '', '', '', '', NULL, NULL, NULL, NULL),
(876, '0010870000661', 'Ely', 2, 'Wanita', 'Bandung', '1975-01-25', '85440926', 'Korp Pasadena R3/3\r\n', '', '', '', '', '', NULL, NULL, NULL, NULL),
(877, '0010870000662', 'Julita Elizabeth', 8, 'Pria', 'Medan', '1990-07-15', '085692702496', 'Lumbu Timur 3b Rt 02/32\r\n', '', '', '', '', '17116', NULL, NULL, NULL, NULL),
(878, '0010870000663', 'R. Wiedyawati', 8, 'Wanita', 'Purworejo', '1954-10-28', '085310661872', 'Jl. Siliwangi Dalam 12\r\n', '', '', '', '', '', NULL, NULL, NULL, NULL),
(879, '0010870000664', 'Rimba Jaya Hutajulu', 11, 'Pria', 'Medan', '1971-07-06', '081331611971', 'Jl.taruna Vi No. 7 Rt 06\r\n', '', '', '', '', '', NULL, NULL, NULL, NULL),
(880, '0010870000665', 'Bistok Dl', 11, 'Pria', 'None', '1983-01-01', '000', 'Jl. Imam Bonjol 52\r\n', '', '', '', '', '', NULL, NULL, NULL, NULL),
(881, '0010870000666', 'Muis', 11, 'Pria', 'Bandung', '1962-06-16', '70790542', 'Gempol', '', '', '', '', '', NULL, NULL, NULL, NULL),
(882, '0010870000668', 'Parsaoran Nainggolan', 11, 'Pria', 'Bandung', '1980-09-19', '081220470264', 'Jl. Cinambo Indah 27 Rt 01/05\r\n', '', '', '', '', '40612', NULL, NULL, NULL, NULL),
(883, '0010870000669', 'Cintya Mary Margareth S', 2, 'Wanita', 'Cilacap', '1992-03-05', '08788580025', 'Jl.kanayakan Baru No. 43\r\n', '', '', '', '', '40132', NULL, NULL, NULL, NULL),
(884, '0010870000670', 'Gerson A Warnares', 8, 'Pria', 'Subang', '1986-08-09', '082197907799', 'Furia Puskopad Blok 1\r\n', '', '', '', '', '', NULL, NULL, NULL, NULL),
(885, '0010870000671', 'Juanita', 11, 'Pria', 'Bandung', '1991-10-21', '2787138', 'Jl. Rosamala No. 9 Lembang\r\n', '', '', '', '', '', NULL, NULL, NULL, NULL),
(886, '0010870000672', 'Siti Mastina Sitorus', 2, 'Pria', 'Medan', '1963-12-20', '000', 'Jl. Plesiran No. 11\r\n', '', '', '', '', '', NULL, NULL, NULL, NULL),
(887, '0010870000673', 'Eskarina Andwika', 11, 'Wanita', 'Yogyakarta', '1986-05-26', '082117200260', 'Cibeunying Kolot Gg. Cikondang No. 54 A\r\n', '', '', '', '', '', NULL, NULL, NULL, NULL),
(889, '0010870000674', 'Ruth Tua Willarti P', 8, 'Pria', 'Jakarta', '1984-08-15', '08176326254', 'Jl. Gerlong Girang Baru Ii/ 5\r\n', '', '', '', '', '40154', NULL, NULL, NULL, NULL),
(891, '0010870000675', 'Christian Nainggolan', 11, 'Pria', 'Bandung', '1974-08-29', '5315966', 'Gki Maulana Yusuf', '', '', '', '', '', NULL, NULL, NULL, NULL),
(892, '0010870000676', 'Malenta S', 5, 'Wanita', 'Medan', '1968-03-07', '0811910126', 'Komp.setra Duta I3/3\r\n', '', '', '', '', '', NULL, NULL, NULL, NULL),
(893, '0010870000677', 'Maria Magdalena', 11, 'Wanita', 'Bandung', '1991-01-03', '08562219137', 'Jl.mukodar Dalam No .112 Rt 02 Rw 08\r\n', '02', '08', '', '', '', NULL, NULL, NULL, NULL),
(894, '0010870000678', 'Etalia Katrin Manurung', 8, 'Wanita', '', '1990-04-19', '083820077348', 'Jl.bagus Rangin 2 No.76 Rt 05 Rw 07\r\n', '', '', '', '', '', NULL, NULL, NULL, NULL),
(895, '0010870000679', 'Vera M.s', 2, 'Wanita', 'P. Siantar', '1989-08-25', '081375596391', 'Jl.sukabirus No.50a\r\n', '', '', '', '', '', NULL, NULL, NULL, NULL),
(896, '0010870000680', 'Leo Chris Evan', 1, 'Pria', 'Kebon Jahe', '1991-07-26', '082116316893', 'Jl.titimplik Dalam No.51c\r\n', '', '', '', '', '', NULL, NULL, NULL, NULL),
(897, '0010870000681', 'Monalisa', 5, 'Wanita', 'Jakarta', '1991-09-28', '08561179861', 'Taman Meruya Blok A/17 Rt 004 Rw 008\r\n', '', '', '', '', '', NULL, NULL, NULL, NULL),
(898, '0010870000682', 'Yessy Desmelya T', 8, 'Wanita', 'Jakarta', '1992-12-28', '08567755224', 'Jl.batu Mutiara Ii No.59 Rt 07 Rw 10\r\n', '', '', '', '', '', NULL, NULL, NULL, NULL),
(899, '0010870000683', 'Christian Elbert B', 11, 'Pria', 'Bandung', '1990-03-17', '000', 'Jl.mayang Sunda 25\r\n', '', '', '', '', '', NULL, NULL, NULL, NULL),
(900, '0010870000684', 'Yohanes Liberto ', 5, 'Pria', 'Lampung', '1990-07-11', '083829605829', 'Jl.cisitu Lama Iv 123a/154c\r\n', '', '', '', '', '', NULL, NULL, NULL, NULL),
(901, '0010870000685', 'Virna Camelia H', 11, 'Wanita', 'Jakarta', '1972-09-07', '0226647003', 'Jl.pondok Mas Iv/34 Rt 07 Rw 01\r\n', '', '', '', '', '', NULL, NULL, NULL, NULL),
(902, '0010870000686', 'Jhon', 11, 'Pria', 'Surabaya', '1981-11-22', '085320357735', 'Jl.bojongsoang Rt 04 Rw 04\r\n', '04', '04', '', '', '', NULL, NULL, NULL, NULL),
(903, '0010870000687', 'Philip', 2, 'Pria', 'Bangka', '1974-10-23', '08129174472', 'Jl.agung Barat No.42\r\n', '', '', '', '', '', NULL, NULL, NULL, NULL),
(904, '0010870000688', 'Joel T', 8, 'Pria', 'Solo', '1975-10-09', '08151878737', 'Komp Tki Ii 72a\r\n', '', '', '', '', '', NULL, NULL, NULL, NULL),
(905, '0010870000689', 'Rida Amalia', 8, 'Wanita', 'Bandung', '1966-01-29', '4203873', 'Jl. Lombok No. 15\r\n', '', '', '', '', '', NULL, NULL, NULL, NULL),
(906, '0010870000690', 'Lady Charlota', 11, 'Pria', 'Riau', '1991-10-14', '000', 'Jl Mangga Dua\r\n', '', '', '', '', '', NULL, NULL, NULL, NULL),
(907, '0010870000691', 'Luce Sihombing', 1, 'Wanita', 'P. Siantar', '1953-12-16', '000', 'Jl Pacuan Kuda\r\n', '', '', '', '', '', NULL, NULL, NULL, NULL),
(908, '0010870000692', 'Andrew Ah Siahaan', 8, 'Pria', 'Jakarta', '1985-05-22', '00', 'Jl Indah Iv No.15\r\n', '', '', '', '', '', NULL, NULL, NULL, NULL),
(910, '0010870000694', 'Bintang Tambunan', 8, 'Pria', 'P. Siantar', '1981-08-06', '081220842496', 'Arcamanik Endah 20\r\n', '', '', '', '', '', NULL, NULL, NULL, NULL),
(911, '0010870000695', 'Ricardo Siagian', 2, 'Pria', 'Medan', '1954-02-04', '000', 'Komp Hubad No. D-29\r\n', '', '', '', '', '', NULL, NULL, NULL, NULL),
(912, '0010870000696', 'Margaretha Silaban', 11, 'Wanita', 'Sidikalang', '1987-07-09', '000', 'Sekeloa Utara No.78\r\n', '', '', '', '', '', NULL, NULL, NULL, NULL),
(913, '0010870000697', 'Thony Adrian P', 11, 'Pria', 'Jakarta', '1991-01-19', '-', 'Gria Asri Ii Indramayu\r\n', '', '', '', '', '', NULL, NULL, NULL, NULL),
(914, '0010870000698', 'Christo Simamora', 8, 'Pria', 'Sintang', '1989-09-30', '085292362446', 'Jl Sukasari I No.168\r\n', '', '', '', '', '', NULL, NULL, NULL, NULL),
(915, '0010870000699', 'Antonius Remi Budi', 2, 'Pria', '', '1973-05-09', '08122332023', 'Villa Bukit Mas Kav 55\r\n', '', '', '', '', '', NULL, NULL, NULL, NULL),
(916, '0010870000700', 'Avro Eka Hilvana', 11, 'Pria', 'Bandung', '1978-09-12', '92288181', 'Penyu No 4\r\n', '', '', '', '', '', NULL, NULL, NULL, NULL),
(917, '0010870000701', 'Yonna Ikaputri', 8, 'Pria', 'Bandung', '1981-09-07', '000', 'Dago Pojok 63/161b\r\n', '', '', '', '', '', NULL, NULL, NULL, NULL),
(918, '0010870000702', 'Arvin H S Pakotang', 8, 'Pria', 'Jakarta', '1991-04-26', '085240230911', 'Jlj Sekeloa Utara No 19\r\n', '', '', '', '', '', NULL, NULL, NULL, NULL),
(919, '0010870000703', 'Allan Ta', 8, 'Pria', 'Jakarta', '1988-11-08', '081806245288', 'Jl Gkpn 32 Jatinangor\r\n', '', '', '', '', '', NULL, NULL, NULL, NULL),
(920, '0010870000704', 'Alicia Tb', 5, 'Wanita', '', '1993-08-26', '08170941252', 'Tahyati No 49 Kanayakan\r\n', '', '', '', '', '', NULL, NULL, NULL, NULL),
(921, '0010870000705', 'Johny Peter L', 2, 'Pria', 'Bandung', '1969-05-11', '08124304364', 'Jl Banda No 2\r\n', '', '', '', '', '', NULL, NULL, NULL, NULL),
(922, '0010870000706', 'Lindawati', 11, 'Wanita', 'Singkawang', '1990-08-24', '000', 'Jl Merak Ngibingno 6\r\n', '', '', '', '', '', NULL, NULL, NULL, NULL),
(923, '0010870000707', 'Teddi T', 2, 'Pria', 'Makassar', '1967-07-26', '000', 'Banda No 2\r\n', '', '', '', '', '', NULL, NULL, NULL, NULL),
(924, '0010870000708', 'Hendik Napitupulu', 8, 'Pria', 'Depok', '1984-07-20', '91835358', 'Curug Candung M. Toha Rt 04/06\r\n', '04', '06', '', '', '', NULL, NULL, NULL, NULL),
(925, '0010870000709', 'Tetty Stephani Sitompul', 8, 'Wanita', 'Cianjur', '1991-04-17', '085722253277', 'Secapa Tni Ad Rt 04/07\r\n', '04', '07', '', '', '', NULL, NULL, NULL, NULL),
(926, '0010870000710', 'Ridoni Gurning', 8, 'Pria', 'Tarutung', '1967-05-06', '000', 'Jl. Amu 12', '', '', '', '', '', NULL, NULL, NULL, NULL),
(927, '0010870000711', 'Rosita Malau', 2, 'Wanita', 'Lampung', '1978-12-31', '081316036216', 'Cijambe', '', '', '', '', '', NULL, NULL, NULL, NULL),
(928, '0010870000712', 'Sarah Allobunga', 11, 'Wanita', 'Toraja', '1973-08-23', '000', 'Taman Sari 23', '', '', '', '', '', NULL, NULL, NULL, NULL),
(929, '3273206117400', 'Douglas M Siahaan', 7, 'Pria', 'Dumai', '1974-11-26', '081322144574', 'Komp Green Garden View', '003', '005', 'Pasirimpun', 'Mandalajati', '40119', NULL, NULL, NULL, NULL),
(930, '3273242604790', 'Jimmy Roy Manurung', 10, 'Pria', 'P Brandan', '1979-04-26', '081322325778', 'Komp Nirwana Residence Kav 40', '001', '003', 'Cisaranten Endah', 'Arcamanik', '40295', NULL, NULL, NULL, NULL),
(931, '910313052100', 'Mardalena Hutabarat', 10, 'Wanita', 'Aek Nabara', '1992-03-11', '085311031994', 'Komp. Seskoad Flat H-207', '006', '007', '', '', '', NULL, NULL, NULL, NULL),
(933, '0000000000121', 'Lidia Marganda Silalahi', 10, 'Wanita', 'Sidikalang', '1992-09-30', '-', 'Dipati Ukur', '', '', '', '', '', NULL, NULL, NULL, NULL),
(934, '3275042906700', 'Ir Edward M Aritonang', 10, 'Pria', 'Tapanuli Utara', '1970-06-29', '0818878524', 'Jl Felesia V Blok F No 54 Perum', '006', '008', 'Jatibening Baru', 'Pondok Gede', '', NULL, NULL, NULL, NULL),
(935, '3273192010740', 'Edward P', 10, 'Pria', 'Cimahi', '1974-10-20', '-', 'Jl Tongkeng No 21', '004', '006', 'Merdeka', 'Sumur Bandung', '-', NULL, NULL, NULL, NULL),
(936, '1029120944812', 'Tiurma Rm', 7, 'Wanita', 'Bandung', '1976-12-12', '-', 'Bbr E1 No 9', '005', '009', 'Kujang Sari', 'Bandung Kidul', '-', NULL, NULL, NULL, NULL),
(937, '3273012512640', 'Efendi Girsang', 7, 'Pria', 'Bage', '1964-12-25', '081388104643', 'Sarijadi Blok 5 No 98', '', '', 'Sarijadi', 'Sukasari', '', NULL, NULL, NULL, NULL),
(938, '1239141027510', 'Yoshua Harbyanto', 1, 'Pria', 'Bekasi', '1996-05-22', '-', 'Bekasi', '-', '-', '-', 'Bekasi Utara', '-', NULL, NULL, NULL, NULL),
(939, '1729387189237', 'Parulian Situmorang', 10, 'Pria', 'Hutaraja', '1979-11-19', '-', '-', '', '', '', '', '', NULL, NULL, NULL, NULL),
(940, '3273142903790', 'Herbinson Tarakka', 10, 'Pria', 'Wawondula', '1979-03-29', '081220447601', 'Jl Sekepanjang Iii No 6 A', '', '', '', '', '', NULL, NULL, NULL, NULL),
(941, '3213123105730', 'Budi Mei Naek Simamora', 10, 'Pria', 'Medan', '1973-05-31', '081220481719', 'Jl. Pondok Mas Indah Iv No 34', '007', '001', 'Leuwi Gajah', 'Cimahi Selatan', '', NULL, NULL, NULL, NULL),
(942, '3273116606650', 'Eva Setiana', 1, 'Wanita', 'Bandung', '1965-06-26', '085721824884', 'Jl. Ciateul Kaler No 19', '007', '006', 'Pungkur', 'Regol', '40252', NULL, NULL, NULL, NULL),
(943, '3273033001950', 'Ilham Ramadhani', 10, 'Pria', 'Bandung', '1995-01-30', '-', 'Kp Pasirkoja', '003', '004', 'Sukahaji', 'Babakan Ciparay', '-', NULL, NULL, NULL, NULL),
(944, '1205157003940', 'Miria Andani Zega', 10, 'Wanita', 'P. Susu', '1994-03-30', '081370609551', 'Jl. P. Brandan Gg Gereja', '', '', 'Beras Basah', 'Pangkalan Susu', '', NULL, NULL, NULL, NULL),
(945, '3279481799184', 'Nelly Yuswarni Togatorop', 7, 'Wanita', 'Jakarta', '1992-11-12', '082216271060', 'Jl Akses Ui No 15', '004', '006', 'Pondok Cina', '', '', NULL, NULL, NULL, NULL),
(946, '3174101212910', 'Ignatius Yudki Utama', 10, 'Pria', 'Jakarta', '1991-12-12', '081398129098', 'Jl Mawar Ii No 40', '008', '013', 'Bintaro', 'Pesanggrahan', '', NULL, NULL, NULL, NULL),
(947, '3273131408670', 'Bernando Boy Panjaitan', 10, 'Pria', 'Medan', '1967-08-14', '-', 'Jl Telex No 7', '004', '006', 'Cijagra', 'Lengkong', '-', NULL, NULL, NULL, NULL),
(948, '9171012510930', 'Chaudry Franciosa Luwunaung', 1, 'Pria', 'Jayapura', '1993-10-25', '082130996604', 'Komp Rusd Dok Ii Jayapura', '001', '006', 'Bhayangkara', 'Jayapura Utara', '', NULL, NULL, NULL, NULL),
(949, '3204051211072', 'James E Simarmata', 10, 'Pria', 'Sidikalang', '1972-10-12', '08122834097', 'Jl Pinus Vii No10', '005', '023', 'Cimekar', 'Cimenyan', '-', NULL, NULL, NULL, NULL),
(950, '3273182811750', 'Nugroho Pamungkas', 7, 'Pria', 'Jakarta', '1975-11-28', '08156051494', 'Cigadung Ray Tengah No 55', '003', '008', 'Cigadung', 'Cibeunying Kaler', '-', NULL, NULL, NULL, NULL),
(951, '6471055404890', 'Rusmita Dhelphiasary A. M', 10, 'Wanita', 'Balikpapan', '1989-04-14', '08112000644', 'Jl. M.t Haryono', '39', '', 'Damai', 'Balikpapan Kota', '', NULL, NULL, NULL, NULL),
(952, '3201071204680', 'Paskah Raja Manurung', 10, 'Pria', 'Medan', '1968-04-12', '-', 'Limus Pratama Regency L3/9', '003', '008', 'Limusnunggal', 'Cileungsi', '-', NULL, NULL, NULL, NULL),
(953, '1420500097', 'Riris Tri Anggi Marpaung', 10, 'Wanita', '-', '1996-10-27', '082240421665', 'Jl. Calanyi 21', '', '', '', '', '', NULL, NULL, NULL, NULL),
(954, '3277031611286', 'Adi Marshal', 10, 'Pria', 'Jakarta', '1986-12-16', '081220082875', 'Jl Gunung Rahayu 1 Blok D No 8 B', '004', '011', 'Pasirkaliki', 'Cimahi Utara', '-', NULL, NULL, NULL, NULL),
(956, '1239124810957', 'Anthony Setiawan', 7, 'Pria', 'Sukabumi', '1994-03-04', '081809002200', 'Jl Surya Sumantri No 48', '-', '-', '-', '-', '-', NULL, NULL, NULL, NULL),
(958, '1125713581375', 'Nofa Nathalia', 7, 'Wanita', 'Medan', '1994-11-10', '087829306070', 'Jl Surya Sumantri No 48', '-', '-', '-', '-', '-', NULL, NULL, NULL, NULL),
(960, '3273224708830', 'Aurora Catrin Simanungkalit', 10, 'Wanita', 'Kotabumi', '1983-08-07', '082164899284', 'Jl. Pluto Selatan Ii No 20', '002', '013', 'Margasari', 'Buah Batu', '', NULL, NULL, NULL, NULL),
(962, '3273226308760', 'Tiur Magdalena Aritonang', 10, 'Wanita', 'Siborong-borong', '1976-08-23', '082164899284', 'Jl Marga Kencana Ii No 130', '011', '009', 'Cijawura', 'Buah Batu', '', NULL, NULL, NULL, NULL),
(964, '1023981209370', 'Edward Hasoholan Hutapea', 10, 'Pria', 'Manokwari', '1987-09-11', '-', '-', '-', '-', '-', '-', '-', NULL, NULL, NULL, NULL),
(965, '3172013108951', 'Huki Mu`arif Nursalim', 7, 'Pria', 'Jakarta', '1995-08-31', '-', 'Teluk Gong Jl. Kramat 3 No 7 A', '013', '010', 'Pejagalan', 'Penjaringan', '', NULL, NULL, NULL, NULL),
(967, '7897129837128', 'Jeffrey Kurniawan', 7, 'Pria', 'Bandung', '1988-06-06', '085724046080', 'Jl Sarinah I No 5', '', '', '', '', '', NULL, NULL, NULL, NULL),
(968, '4494948484564', 'Ihuhio', 1, 'Pria', 'Uuibi', '1994-03-15', '0515111818', 'Fbkbdfbk', '', '', '', '', '', NULL, NULL, NULL, NULL),
(969, '3232321371892', 'Ramos Lumban Gaol', 7, 'Pria', 'Semarang', '1985-03-15', '081236094203', 'Jl Puri Dahlia Komplek Puri Madani No 8', '007', '018', 'Tanimulya', 'Ngamprah', '', NULL, NULL, NULL, NULL),
(970, '3273161806630', 'Himawan Joenianto', 8, 'Pria', 'Temanggung', '1963-08-18', '08113414381', 'Bumi Kiara Iii No 4', '005', '007', 'Kebon Kangkung', 'Kiaracondong', '-', NULL, NULL, NULL, NULL),
(971, '8917398172937', 'Tjia Johan Setiawan', 5, 'Pria', 'Pati', '1997-01-17', '085727523850', 'Ds. Dororejo', '002', '001', 'Dororejo', 'Tayu', '', NULL, NULL, NULL, NULL),
(972, '3278040508950', 'Toga Agatha Cristy', 13, 'Pria', 'Tasikmalaya', '1995-08-05', '081223185656', 'Bumi Indah Pasundan  B7', '004', '010', 'Panyingkiran', 'Indihiang', '-', NULL, NULL, NULL, NULL),
(973, '1211012911870', 'Arjuna Prasetia Larosa', 7, 'Pria', 'Huta Padang', '1987-11-29', '085794412308', 'Jl Runding No 7a', '', '', 'Batang Beruh', 'Sidikalang', '', NULL, NULL, NULL, NULL),
(974, '1271056501710', 'Melva E Panjaitan', 7, 'Wanita', 'Medan', '1971-01-25', '-', 'Jl Danau Lau Kawar No 8', '-', '-', 'Sei Agul', 'Medan Barat', '-', NULL, NULL, NULL, NULL),
(975, '1237198237819', 'Jefri Michael S Sianipar', 1, 'Pria', 'Medan', '1989-01-02', '081298776668', 'Jl Bhayangnkara I No 4', '', '', '', '', '', NULL, NULL, NULL, NULL),
(976, '1271052801650', 'Heryanto P Manurung', 7, 'Pria', 'Tanjung Balai', '1995-01-28', '-', 'Jl Danau Lau Kawar No 8', '-', '-', 'Sei Agul', 'Medan Barat', '-', NULL, NULL, NULL, NULL),
(977, '3277015404940', 'Lidya Aprilia Muaja', 10, 'Wanita', 'Cimahi', '1994-04-14', '085720314803', 'Griya Alam Cibeber', '005', '001', 'Cibeber', 'Cimahi Selatan', '', NULL, NULL, NULL, NULL),
(978, '1231920480195', 'Jan Ivan Manurung', 7, 'Pria', 'Medan', '1996-03-23', '081321314190', 'Jl Danau Lau Kawar No 8', '-', '-', 'Sei Agul', 'Medan Barat', '-', NULL, NULL, NULL, NULL),
(979, '1982738912739', 'Hogen Berndard S Sitanggang', 10, 'Pria', 'Tanjungpinang', '1991-09-10', '085264484504', 'Jl Sultan Machmud No 12 E', '006', '002', 'Tanjung Unggat', 'Bukit Lestari', '', NULL, NULL, NULL, NULL),
(980, '6128736182736', 'Greata Octo', 7, 'Wanita', 'Jakarta', '1992-10-10', '081296309188', 'Jl Sunter Karya Hb Viii No 16', '018', '013', 'Sunter Agung', 'Tanjung Priok', '', NULL, NULL, NULL, NULL),
(981, '3201020604940', 'Aprysio Phariang', 10, 'Pria', 'Jakarta', '1994-04-06', '085710158499', 'Bumi Mutiara Blok Jb 1/30', '001', '038', 'Bojong Kulur', 'Gunung Putri', '-', NULL, NULL, NULL, NULL),
(982, '9204010403940', 'Haebron Tapilatu', 7, 'Pria', 'Teminabuan', '1994-03-04', '082198040394', 'Kompleks Dwikora', '', '', 'Kaibus', 'Teminambuan', '', NULL, NULL, NULL, NULL),
(983, '8719738921739', 'Irene Astri', 4, 'Wanita', 'Sosorddok', '1992-09-06', '081222596296', 'Setiabudi', '', '', '', '', '', NULL, NULL, NULL, NULL),
(984, '0012312412000', 'Jessi', 10, 'Wanita', 'Medan', '1993-06-15', '081214889604', 'Setiabudi', '', '', '', '', '', NULL, NULL, NULL, NULL),
(985, '3201380805960', 'Tri Dharma Persada', 10, 'Pria', 'Bandung', '1996-05-08', '08567463417', 'Kp Cibandawa', '004', '007', 'Ciburuy', 'Cigombong', '-', NULL, NULL, NULL, NULL),
(986, '9817289371289', 'Laurentius Michael George', 1, 'Pria', 'Bandung', '1997-08-03', '081910118885', 'Jl Sriwijaya No 10', '', '', '', '', '', NULL, NULL, NULL, NULL),
(987, '8126738912793', 'Debbie Mayungallo Tikurante', 10, 'Wanita', 'Jakarta', '1997-07-12', '085399033021', 'Kalaa`', '', '', 'Buntu La`bo`', 'Sanggalangi', '', NULL, NULL, NULL, NULL),
(988, '3172066105880', 'Agata Vaness', 10, 'Wanita', 'Jakarta', '1988-05-21', '08211108235', 'Jl Serimpi No 6', '006', '007', 'Kelapa Gading Timur', 'Kelapa Gading', '-', NULL, NULL, NULL, NULL),
(990, '9817238917239', 'Giovanni Timothy Widjaja', 1, 'Pria', 'Tangerang', '1996-01-25', '087880929505', 'Jl Kelapa  Puan Xvii Ag 14/16', '003', '012', 'Pakulonan Barat', 'Kelapa Dua', '', NULL, NULL, NULL, NULL),
(991, '2310491809571', 'Obed Mangara', 10, 'Pria', 'Cirebon', '1993-12-17', '083823573863', 'Sekeloa Tengah', '-', '-', '-', '-', '-', NULL, NULL, NULL, NULL),
(993, '9812739817238', 'Joshua Reinhard', 10, 'Pria', 'Jakarta', '1996-04-03', '082213084934', 'Jl Sangihe Dalam F / 106', '007', '004', 'Cideng ', 'Gambir', '', NULL, NULL, NULL, NULL),
(995, '1203174018571', 'Zefania Renetta', 7, 'Wanita', 'Bandung', '1996-09-08', '081320376560', 'Jl Titimpik Dalam No 82', '007', '003', 'Sadangserang', 'Coblong', '-', NULL, NULL, NULL, NULL),
(996, '9817238912739', 'Jernih Silaban', 10, 'Wanita', 'Tarutung', '1996-04-09', '081361366086', 'Kp. Sulukuning No 70', '018', '007', 'Mekargalih', 'Jatiluhur', '', NULL, NULL, NULL, NULL),
(997, '3273062506900', 'Masuno Mendrofa', 10, 'Pria', 'Bandung', '1993-06-25', '087824887796', 'Jl Muhamad Ii No 306', '', '', 'Pamoyanan', 'Cicendo', '', NULL, NULL, NULL, NULL),
(998, '2039483097105', 'S Marina Simanjuntak', 1, 'Wanita', 'Pematang Siantar', '1967-10-23', '082165820033', 'Jl Satya Bhakti Dsn Iii', '026', '007', 'Marindali', 'Patumbak', '-', NULL, NULL, NULL, NULL),
(999, '8971239172389', 'Indra Josua Mangaranap', 1, 'Pria', 'Medan', '1989-06-05', '081394226944', 'Jl Pahlawan No 26', '002', '004', 'Tanjung Aman', 'Kotabumi Selatan', '', NULL, NULL, NULL, NULL),
(1000, '000', 'Oky Tri K', 1, 'Wanita', 'Temanggung', '1994-10-10', '085799392944', 'Dago Pojok 23', '', '', '', '', '', NULL, NULL, NULL, NULL),
(1001, '3603281810920', 'Ivan Sihotang', 10, 'Pria', 'Jakarta', '1992-10-18', '085220000727', 'Jl Bidar Xi No 15', '', '', 'Pakulonan Barat', 'Kelapa Dua', '', NULL, NULL, NULL, NULL),
(1003, '1928738912738', 'Dina Elizabethia', 4, 'Wanita', 'Purwakarta', '1995-10-02', '082298771309', 'Perum Dian Anyar C3 No 6', '', '', '', '', '', NULL, NULL, NULL, NULL),
(1004, '3175082204901', 'Denny Torang T Sitorus', 10, 'Pria', 'Tangerang', '1990-04-22', '082140001401', 'Jl Kowad D97 Kpad', '', '', 'Cipinang Melayu', 'Makassar', '', NULL, NULL, NULL, NULL),
(1005, '3275044203870', 'Beta Setiawati', 7, 'Wanita', 'Jakarta', '1987-03-02', '0811200419', 'Jl Raya Cikunir No 35a', '006', '003', 'Jakamulya', 'Bekasi Selatan', '-', NULL, NULL, NULL, NULL),
(1006, '1029481097125', 'Cornelia Ct Tacoh', 1, 'Wanita', 'Tentena', '1997-04-07', '082393908494', 'Desa Magapu', '-', '-', 'Magapu', 'Pamona Timur', '-', NULL, NULL, NULL, NULL),
(1007, '1230912410257', 'Abraham Landeng', 13, 'Pria', 'Palu', '1995-04-14', '082217018595', 'Jl Adhyaksa Barat 3  No 4', '-', '-', '-', '-', '-', NULL, NULL, NULL, NULL),
(1008, '1209318290481', 'Lela Yuliantika', 10, 'Wanita', 'Bandung', '1974-07-16', '082116378707', 'Jl. Dr. Otten No.9', '005', '001', 'PASIR KALIKI', 'CICENDO', '-', NULL, NULL, NULL, NULL),
(1009, '1771031808930', 'Caesar Leonardo Hanter', 1, 'Pria', 'Bengkulu', '1994-08-18', '089670690812', 'Jl Seulawah No 27', '000', '000', 'Paloh Gadeng', 'Dewantara', '', NULL, NULL, NULL, NULL),
(1014, '4655632372654', 'ahmad', 1, 'Pria', 'makassar', '1995-12-12', '0812081208', NULL, NULL, NULL, NULL, NULL, NULL, 1, NULL, NULL, NULL),
(1015, '2131203124849', 'Daniel Thamrin', 7, 'Pria', 'bandung', '1970-09-02', '0811228258', NULL, NULL, NULL, NULL, NULL, NULL, 4, NULL, NULL, NULL),
(1016, '6271034209770', 'Debby Selvyanti', 7, 'Pria', 'Malang', '1977-09-02', '082117120892', NULL, NULL, NULL, NULL, NULL, NULL, 5, NULL, NULL, NULL),
(1017, '7982173198273', 'Aldy H. M. Simanulang', 1, 'Pria', 'Jl Suka asih raya no 64', '1984-04-20', '081375682458', NULL, NULL, NULL, NULL, NULL, NULL, 4, NULL, NULL, NULL),
(1018, '3204062912810', 'denny lumban raja', 7, 'Pria', 'jakarta', '1981-12-29', '087821104480', NULL, NULL, NULL, NULL, NULL, NULL, 4, NULL, NULL, NULL),
(1019, '3272061078100', 'sofyan hermawan', 1, 'Pria', 'bandung', '1981-07-01', '082316774848', NULL, NULL, NULL, NULL, NULL, NULL, 6, NULL, NULL, NULL),
(1020, '2312301209481', 'Herna Maria', 10, 'Wanita', 'kuningan', '2016-08-15', '08136751300', NULL, NULL, NULL, NULL, NULL, NULL, 6, NULL, NULL, NULL),
(1021, '1293861247813', 'Valendra Kapitan', 1, 'Pria', 'Kupang', '1995-02-14', '081339596303', NULL, NULL, NULL, NULL, NULL, NULL, 3, NULL, NULL, NULL),
(1022, '1516131653354', 'HENRY JUNUS WATTIMANELA', 7, 'Pria', 'AMBON', '1969-03-10', '081381111830', NULL, NULL, NULL, NULL, NULL, NULL, 4, NULL, NULL, NULL),
(1027, '8913798127389', 'Tuti Lekalette', 4, 'Wanita', 'Magelang', '1972-12-02', '081322173285', NULL, NULL, NULL, NULL, NULL, NULL, 6, NULL, NULL, NULL),
(1028, '3273221810840', 'alexander hutabarat', 7, 'Pria', 'balikpapan', '1984-10-18', '081809005488', NULL, NULL, NULL, NULL, NULL, NULL, 4, NULL, NULL, NULL),
(1029, '347508937752', 'andre meisa', 1, 'Pria', 'bandung', '1989-05-08', '081933009394', NULL, NULL, NULL, NULL, NULL, NULL, 5, NULL, NULL, NULL),
(1030, '3277030509880', 'yosep reagen', 10, 'Pria', 'bandung', '1988-09-05', '081224281408', NULL, NULL, NULL, NULL, NULL, NULL, 3, NULL, NULL, NULL),
(1031, '1982182739128', 'Jesica Esterlita S N', 4, 'Pria', 'Bandung', '1999-08-21', '083829809689', NULL, NULL, NULL, NULL, NULL, NULL, 3, NULL, NULL, NULL),
(1032, '3273186003940', 'amay priskila romauli', 4, 'Wanita', 'bandung', '1994-03-20', '089626497029', NULL, NULL, NULL, NULL, NULL, NULL, 3, NULL, NULL, NULL),
(1033, '3274030706940', 'nico halomoan', 4, 'Pria', 'cirebon', '1994-06-07', '082117496083', NULL, NULL, NULL, NULL, NULL, NULL, 3, NULL, NULL, NULL),
(1034, '4890527985270', 'steven yohanes kambey', 10, 'Pria', 'palu', '1976-11-13', '082291795014', NULL, NULL, NULL, NULL, NULL, NULL, 5, NULL, NULL, NULL),
(1035, '3273152912930', 'wahyudi simarmata', 10, 'Pria', 'solok', '1993-12-29', '081320603926', NULL, NULL, NULL, NULL, NULL, NULL, 3, NULL, NULL, NULL),
(1036, '9987537107105', 'anton saetban', 10, 'Pria', 'Sei', '1983-04-08', '085253030723', NULL, NULL, NULL, NULL, NULL, NULL, 4, NULL, NULL, NULL),
(1037, '9378835798137', 'evi early', 8, 'Wanita', 'bandung', '1974-05-07', '08981338933', NULL, NULL, NULL, NULL, NULL, NULL, 5, NULL, NULL, NULL),
(1042, '1231232139123', 'lasma pujiarti saragih setio', 7, 'Wanita', 'jakarta', '1972-06-05', '081285631166', NULL, NULL, NULL, NULL, NULL, NULL, 5, NULL, NULL, NULL),
(1043, '8961938273128', 'Gokkon Titus Timbul, S.H.', 1, 'Pria', 'Bangka', '1964-01-23', '082117333970', NULL, NULL, NULL, NULL, NULL, NULL, 4, NULL, NULL, NULL),
(1044, '9873453498573', 'febry claudia', 1, 'Wanita', 'medan', '1996-02-08', '082314073324', NULL, NULL, NULL, NULL, NULL, NULL, 3, NULL, NULL, NULL),
(1045, '3374130508760', 'bety kuntoro', 10, 'Pria', 'gunung kidul', '1976-08-05', '08122041623', NULL, NULL, NULL, NULL, NULL, NULL, 4, NULL, NULL, NULL),
(1046, '9857930571290', 'mey margareth', 1, 'Wanita', 'sidempuan', '1994-05-12', '081223692102', NULL, NULL, NULL, NULL, NULL, NULL, 3, NULL, NULL, NULL),
(1047, '2194712971570', 'danie yusri', 4, 'Wanita', 'bandung', '1970-07-18', '081394031015', NULL, NULL, NULL, NULL, NULL, NULL, 4, NULL, NULL, NULL),
(1048, '9812379182379', 'Ribka Pratiwi', 7, 'Wanita', 'Jakarta', '1996-07-13', '081212937184', NULL, NULL, NULL, NULL, NULL, NULL, 3, NULL, NULL, NULL),
(1049, '3273180712710', 'antonius parluhutan', 7, 'Pria', 'p buton', '1971-12-07', '08122007236', NULL, NULL, NULL, NULL, NULL, NULL, 5, NULL, NULL, NULL),
(1050, '3257027502752', 'grenita juniarty silitonga', 4, 'Wanita', 'medan', '1981-06-18', '0818437770', NULL, NULL, NULL, NULL, NULL, NULL, 4, NULL, NULL, NULL),
(1051, '7182397819237', 'Lizbeth', 7, 'Wanita', 'Medan', '1976-06-02', '082121722276', NULL, NULL, NULL, NULL, NULL, NULL, 1, NULL, NULL, NULL);
INSERT INTO `donors` (`id`, `no_register`, `nama`, `gol_darah_id`, `kelamin`, `tempat_lahir`, `tgl_lahir`, `telp`, `alamat`, `rt`, `rw`, `kelurahan`, `kecamatan`, `kode_pos`, `pekerjaan_id`, `penghargaan`, `total_donor`, `donor_terakhir`) VALUES
(1052, '3273024209720', 'jenni  esther r s', 7, 'Wanita', 'bandung', '1972-09-02', '08164849244', NULL, NULL, NULL, NULL, NULL, NULL, 4, NULL, NULL, NULL),
(1053, '9571257238957', 'lulusonya', 10, 'Wanita', 'jakarta', '1998-02-24', '081298474768', NULL, NULL, NULL, NULL, NULL, NULL, 3, NULL, NULL, NULL),
(1054, '5979237592572', 'olivia', 10, 'Wanita', 'bekasi', '1998-04-09', '082112357576', NULL, NULL, NULL, NULL, NULL, NULL, 3, NULL, NULL, NULL),
(1055, '3297575923975', 'andriani sianipar', 7, 'Wanita', 'p siantar', '1965-01-09', '08112345610', NULL, NULL, NULL, NULL, NULL, NULL, 4, NULL, NULL, NULL),
(1056, '8127398127398', 'Maria Lain', 2, 'Wanita', 'Bandung', '2017-03-11', '088888883833', NULL, NULL, NULL, NULL, NULL, NULL, 3, NULL, NULL, NULL),
(1059, '7192837128398', 'Maykel', 7, 'Pria', 'balikpapan', '1997-05-15', '82194442110', NULL, NULL, NULL, NULL, NULL, NULL, 3, NULL, NULL, NULL),
(1060, '3998020830923', 'ANDI MORGAN MANALU', 2, 'Pria', 'TARUTUNG, ', '1980-12-12', '081322806756', NULL, NULL, NULL, NULL, NULL, NULL, 1, NULL, NULL, NULL),
(1061, '57583839398', 'YEYEN RAHMAYANTI', 1, 'Wanita', 'BANDUNG', '1984-12-09', '08112330020', NULL, NULL, NULL, NULL, NULL, NULL, 1, NULL, NULL, NULL);

-- --------------------------------------------------------

--
-- Struktur dari tabel `gol_darahs`
--

CREATE TABLE `gol_darahs` (
  `id` int(10) UNSIGNED NOT NULL,
  `nama` varchar(3) COLLATE utf8_unicode_ci NOT NULL
) ENGINE=InnoDB DEFAULT CHARSET=utf8 COLLATE=utf8_unicode_ci;

--
-- Dumping data untuk tabel `gol_darahs`
--

INSERT INTO `gol_darahs` (`id`, `nama`) VALUES
(1, 'A'),
(2, 'A+'),
(3, 'A-'),
(4, 'AB'),
(5, 'AB+'),
(6, 'AB-'),
(7, 'B'),
(8, 'B+'),
(9, 'B-'),
(10, 'O'),
(11, 'O+'),
(12, 'O-'),
(13, '-');

-- --------------------------------------------------------

--
-- Struktur dari tabel `kegiatans`
--

CREATE TABLE `kegiatans` (
  `id` int(10) UNSIGNED NOT NULL,
  `tgl` date NOT NULL,
  `tempat` varchar(50) COLLATE utf8_unicode_ci NOT NULL,
  `target_labu` int(11) NOT NULL,
  `hasil_labu` int(11) DEFAULT NULL,
  `path_laporan` varchar(255) COLLATE utf8_unicode_ci DEFAULT NULL
) ENGINE=InnoDB DEFAULT CHARSET=utf8 COLLATE=utf8_unicode_ci;

--
-- Dumping data untuk tabel `kegiatans`
--

INSERT INTO `kegiatans` (`id`, `tgl`, `tempat`, `target_labu`, `hasil_labu`, `path_laporan`) VALUES
(1, '2016-08-28', 'GKI Maulana Yusuf', 120, NULL, NULL),
(2, '1967-09-18', 'Test', 12, NULL, NULL),
(3, '2016-11-27', 'GKI Maulana Yusuf', 120, NULL, NULL),
(4, '2017-03-12', 'GKI Maulana Yusuf', 120, NULL, NULL),
(5, '2017-06-11', 'GKI Maulana Yusuf Pagi', 120, NULL, NULL),
(6, '2017-06-11', 'GKI Maulana Yusuf Malam', 120, NULL, NULL);

-- --------------------------------------------------------

--
-- Struktur dari tabel `migrations`
--

CREATE TABLE `migrations` (
  `migration` varchar(255) COLLATE utf8_unicode_ci NOT NULL,
  `batch` int(11) NOT NULL
) ENGINE=InnoDB DEFAULT CHARSET=utf8 COLLATE=utf8_unicode_ci;

--
-- Dumping data untuk tabel `migrations`
--

INSERT INTO `migrations` (`migration`, `batch`) VALUES
('2014_10_12_000000_create_users_table', 1),
('2016_08_06_012446_create_kegiatans_table', 1),
('2016_08_06_014337_create_gol_darahs_table', 1),
('2016_08_06_014346_create_pekerjaans_table', 1),
('2016_08_06_015809_create_donors_table', 1),
('2016_08_06_105457_create_detail_kegiatans_table', 1);

-- --------------------------------------------------------

--
-- Struktur dari tabel `pekerjaans`
--

CREATE TABLE `pekerjaans` (
  `id` int(10) UNSIGNED NOT NULL,
  `nama` varchar(50) COLLATE utf8_unicode_ci NOT NULL
) ENGINE=InnoDB DEFAULT CHARSET=utf8 COLLATE=utf8_unicode_ci;

--
-- Dumping data untuk tabel `pekerjaans`
--

INSERT INTO `pekerjaans` (`id`, `nama`) VALUES
(1, 'TNI'),
(2, 'POLRI'),
(3, 'Mahasiswa / Pelajar'),
(4, 'Swasta / Wiraswasta'),
(5, 'PNS / BUMN'),
(6, 'Lain-lain');

-- --------------------------------------------------------

--
-- Struktur dari tabel `users`
--

CREATE TABLE `users` (
  `id` int(10) UNSIGNED NOT NULL,
  `username` varchar(255) COLLATE utf8_unicode_ci NOT NULL,
  `nama` varchar(255) COLLATE utf8_unicode_ci NOT NULL,
  `password` varchar(255) COLLATE utf8_unicode_ci NOT NULL,
  `role` enum('SuperAdmin','Admin','Panitia') COLLATE utf8_unicode_ci NOT NULL,
  `remember_token` varchar(100) COLLATE utf8_unicode_ci DEFAULT NULL
) ENGINE=InnoDB DEFAULT CHARSET=utf8 COLLATE=utf8_unicode_ci;

--
-- Dumping data untuk tabel `users`
--

INSERT INTO `users` (`id`, `username`, `nama`, `password`, `role`, `remember_token`) VALUES
(1, 'sadmin', 'Super Admin', '$2y$10$p.e0XIavmEgGkPJ0dgvRVOqwv4iF72lfgxnx04L4XQlx/DVk66aIa', 'SuperAdmin', '1w0oI4IPdNvlF2EgGmdoHjufCbxL3r79bBOjF1wrS5yFUIGsPraQGJmJ8ZpJ'),
(2, 'admin', 'Admin', '$2y$10$JLnI01iO1.J5Vl3QSzDHVuBQNZm6YW.2EcX8mJzrJLcLJ/x0Y2BrS', 'Admin', 'NhMlghhpMSeH1qlEu48O3f1lqFsFizm7Qk7EqlAJ9K2GrMcakOodPkHEjSy3'),
(3, 'panitia', 'Panitia', '$2y$10$s9yzChqoq1AFOQPmOPpboeEJgT4yc/zwEtvgtp5QKFy09Y/SYZXa2', 'Panitia', 'KLXHP6GMM6f1cx8Jx7Ztpqph18ube9TCPIHBosCeznZSJLK8fTAkzq7JlasK');

--
-- Indexes for dumped tables
--

--
-- Indexes for table `detail_kegiatans`
--
ALTER TABLE `detail_kegiatans`
  ADD PRIMARY KEY (`id`),
  ADD KEY `detail_kegiatans_donor_id_foreign` (`donor_id`),
  ADD KEY `detail_kegiatans_kegiatan_id_foreign` (`kegiatan_id`);

--
-- Indexes for table `donors`
--
ALTER TABLE `donors`
  ADD PRIMARY KEY (`id`),
  ADD UNIQUE KEY `donors_no_register_unique` (`no_register`),
  ADD KEY `donors_gol_darah_id_foreign` (`gol_darah_id`),
  ADD KEY `donors_pekerjaan_id_foreign` (`pekerjaan_id`);

--
-- Indexes for table `gol_darahs`
--
ALTER TABLE `gol_darahs`
  ADD PRIMARY KEY (`id`);

--
-- Indexes for table `kegiatans`
--
ALTER TABLE `kegiatans`
  ADD PRIMARY KEY (`id`);

--
-- Indexes for table `pekerjaans`
--
ALTER TABLE `pekerjaans`
  ADD PRIMARY KEY (`id`);

--
-- Indexes for table `users`
--
ALTER TABLE `users`
  ADD PRIMARY KEY (`id`),
  ADD UNIQUE KEY `users_username_unique` (`username`);

--
-- AUTO_INCREMENT for dumped tables
--

--
-- AUTO_INCREMENT for table `detail_kegiatans`
--
ALTER TABLE `detail_kegiatans`
  MODIFY `id` int(10) UNSIGNED NOT NULL AUTO_INCREMENT, AUTO_INCREMENT=229;
--
-- AUTO_INCREMENT for table `donors`
--
ALTER TABLE `donors`
  MODIFY `id` int(10) UNSIGNED NOT NULL AUTO_INCREMENT, AUTO_INCREMENT=1062;
--
-- AUTO_INCREMENT for table `gol_darahs`
--
ALTER TABLE `gol_darahs`
  MODIFY `id` int(10) UNSIGNED NOT NULL AUTO_INCREMENT, AUTO_INCREMENT=14;
--
-- AUTO_INCREMENT for table `kegiatans`
--
ALTER TABLE `kegiatans`
  MODIFY `id` int(10) UNSIGNED NOT NULL AUTO_INCREMENT, AUTO_INCREMENT=7;
--
-- AUTO_INCREMENT for table `pekerjaans`
--
ALTER TABLE `pekerjaans`
  MODIFY `id` int(10) UNSIGNED NOT NULL AUTO_INCREMENT, AUTO_INCREMENT=7;
--
-- AUTO_INCREMENT for table `users`
--
ALTER TABLE `users`
  MODIFY `id` int(10) UNSIGNED NOT NULL AUTO_INCREMENT, AUTO_INCREMENT=4;
--
-- Ketidakleluasaan untuk tabel pelimpahan (Dumped Tables)
--

--
-- Ketidakleluasaan untuk tabel `detail_kegiatans`
--
ALTER TABLE `detail_kegiatans`
  ADD CONSTRAINT `detail_kegiatans_donor_id_foreign` FOREIGN KEY (`donor_id`) REFERENCES `donors` (`id`) ON DELETE CASCADE ON UPDATE CASCADE,
  ADD CONSTRAINT `detail_kegiatans_kegiatan_id_foreign` FOREIGN KEY (`kegiatan_id`) REFERENCES `kegiatans` (`id`) ON DELETE CASCADE ON UPDATE CASCADE;

--
-- Ketidakleluasaan untuk tabel `donors`
--
ALTER TABLE `donors`
  ADD CONSTRAINT `donors_gol_darah_id_foreign` FOREIGN KEY (`gol_darah_id`) REFERENCES `gol_darahs` (`id`),
  ADD CONSTRAINT `donors_pekerjaan_id_foreign` FOREIGN KEY (`pekerjaan_id`) REFERENCES `pekerjaans` (`id`);

/*!40101 SET CHARACTER_SET_CLIENT=@OLD_CHARACTER_SET_CLIENT */;
/*!40101 SET CHARACTER_SET_RESULTS=@OLD_CHARACTER_SET_RESULTS */;
/*!40101 SET COLLATION_CONNECTION=@OLD_COLLATION_CONNECTION */;
